"","id","kidgen","momage","kidage","homecog","homeemo","occasion","anti","read","kidagetv","kidage6","kidagesq","kidagec","occasion2"
"1",22,0,28,6.08,13,10,0,1,2.1,6.08,0.0800000000000001,0.00640000000000001,0.000512000000000001,0
"2",22,0,28,6.08,13,10,1,2,3.9,8.08,2.08,4.3264,8.998912,1
"3",34,1,28,6.83,9,9,0,3,2.1,6.83,0.83,0.6889,0.571787,0
"4",34,1,28,6.83,9,9,1,6,2.9,8.83,2.83,8.0089,22.665187,1
"5",34,1,28,6.83,9,9,2,4,4.5,10.83,4.83,23.3289,112.678587,4
"6",34,1,28,6.83,9,9,3,5,4.5,12.83,6.83,46.6489,318.611987,9
"7",58,0,28,6.5,9,6,0,0,2.3,6.5,0.5,0.25,0.125,0
"8",58,0,28,6.5,9,6,1,2,4.5,8.5,2.5,6.25,15.625,1
"9",58,0,28,6.5,9,6,2,0,4.2,10.5,4.5,20.25,91.125,4
"10",58,0,28,6.5,9,6,3,1,4.6,12.5,6.5,42.25,274.625,9
"11",122,1,28,7.83,13,10,0,0,3.7,7.83,1.83,3.3489,6.128487,0
"12",122,1,28,7.83,13,10,1,3,8,9.83,3.83,14.6689,56.181887,1
"13",125,0,29,7.42,10,8,0,1,2.3,7.42,1.42,2.0164,2.863288,0
"14",125,0,29,7.42,10,8,1,1,3.8,9.42,3.42,11.6964,40.001688,1
"15",125,0,29,7.42,10,8,2,2,4.3,11.42,5.42,29.3764,159.220088,4
"16",125,0,29,7.42,10,8,3,1,6.2,13.42,7.42,55.0564,408.518488,9
"17",133,1,28,6.75,8,9,0,3,1.8,6.75,0.75,0.5625,0.421875,0
"18",133,1,28,6.75,8,9,1,4,2.6,8.75,2.75,7.5625,20.796875,1
"19",133,1,28,6.75,8,9,2,3,4.1,10.75,4.75,22.5625,107.171875,4
"20",133,1,28,6.75,8,9,3,5,4,12.75,6.75,45.5625,307.546875,9
"21",163,1,28,7.17,10,10,0,5,3.5,7.17,1.17,1.3689,1.601613,0
"22",163,1,28,7.17,10,10,1,4,4.8,9.17,3.17,10.0489,31.855013,1
"23",163,1,28,7.17,10,10,2,5,5.8,11.17,5.17,26.7289,138.188413,4
"24",163,1,28,7.17,10,10,3,5,7.5,13.17,7.17,51.4089,368.601813,9
"25",190,0,28,6.67,9,8,0,0,2.9,6.67,0.67,0.4489,0.300763,0
"26",227,0,29,6.25,12,10,0,0,1.8,6.25,0.25,0.0625,0.015625,0
"27",227,0,29,6.25,12,10,1,0,3.8,8.25,2.25,5.0625,11.390625,1
"28",227,0,29,6.25,12,10,2,2,4,10.25,4.25,18.0625,76.765625,4
"29",248,0,28,7.5,9,9,0,1,3.5,7.5,1.5,2.25,3.375,0
"30",248,0,28,7.5,9,9,1,2,5.7,9.5,3.5,12.25,42.875,1
"31",248,0,28,7.5,9,9,2,2,7,11.5,5.5,30.25,166.375,4
"32",248,0,28,7.5,9,9,3,0,6.9,13.5,7.5,56.25,421.875,9
"33",251,1,29,7.42,6,9,0,2,2.6,7.42,1.42,2.0164,2.863288,0
"34",251,1,29,7.42,6,9,1,3,3.8,9.42,3.42,11.6964,40.001688,1
"35",251,1,29,7.42,6,9,2,4,6.3,11.42,5.42,29.3764,159.220088,4
"36",251,1,29,7.42,6,9,3,4,6.1,13.42,7.42,55.0564,408.518488,9
"37",300,1,28,6.08,7,11,0,0,1.8,6.08,0.0800000000000001,0.00640000000000001,0.000512000000000001,0
"38",300,1,28,6.08,7,11,1,6,3.7,8.08,2.08,4.3264,8.998912,1
"39",300,1,28,6.08,7,11,2,0,4.4,10.08,4.08,16.6464,67.917312,4
"40",300,1,28,6.08,7,11,3,3,4.2,12.08,6.08,36.9664,224.755712,9
"41",326,1,29,6.08,13,10,0,4,1.8,6.08,0.0800000000000001,0.00640000000000001,0.000512000000000001,0
"42",326,1,29,6.08,13,10,1,2,3.2,8.08,2.08,4.3264,8.998912,1
"43",326,1,29,6.08,13,10,3,3,5.4,12.08,6.08,36.9664,224.755712,9
"44",348,1,27,7,10,11,0,1,2.2,7,1,1,1,0
"45",348,1,27,7,10,11,1,0,4,9,3,9,27,1
"46",348,1,27,7,10,11,2,2,5.1,11,5,25,125,4
"47",348,1,27,7,10,11,3,0,6.3,13,7,49,343,9
"48",382,0,27,7.17,7,4,0,0,2.5,7.17,1.17,1.3689,1.601613,0
"49",382,0,27,7.17,7,4,1,0,3.7,9.17,3.17,10.0489,31.855013,1
"50",382,0,27,7.17,7,4,2,0,4.1,11.17,5.17,26.7289,138.188413,4
"51",382,0,27,7.17,7,4,3,0,7.2,13.17,7.17,51.4089,368.601813,9
"52",400,1,27,6,8,8,0,2,2.4,6,0,0,0,0
"53",400,1,27,6,8,8,1,6,5,8,2,4,8,1
"54",400,1,27,6,8,8,2,3,5.1,10,4,16,64,4
"55",400,1,27,6,8,8,3,5,5.8,12,6,36,216,9
"56",405,1,27,6.25,14,11,0,4,3.1,6.25,0.25,0.0625,0.015625,0
"57",405,1,27,6.25,14,11,1,4,4.1,8.25,2.25,5.0625,11.390625,1
"58",405,1,27,6.25,14,11,3,4,5.5,12.25,6.25,39.0625,244.140625,9
"59",427,1,28,7.5,9,3,0,3,2.8,7.5,1.5,2.25,3.375,0
"60",427,1,28,7.5,9,3,1,2,5.7,9.5,3.5,12.25,42.875,1
"61",427,1,28,7.5,9,3,2,3,5.3,11.5,5.5,30.25,166.375,4
"62",427,1,28,7.5,9,3,3,4,5.8,13.5,7.5,56.25,421.875,9
"63",431,0,27,6.42,10,9,0,0,1.4,6.42,0.42,0.1764,0.074088,0
"64",431,0,27,6.42,10,9,1,1,2.2,8.42,2.42,5.8564,14.172488,1
"65",431,0,27,6.42,10,9,2,1,2.3,10.42,4.42,19.5364,86.350888,4
"66",480,0,27,7.67,10,11,0,0,3.5,7.67,1.67,2.7889,4.657463,0
"67",480,0,27,7.67,10,11,1,1,4.3,9.67,3.67,13.4689,49.430863,1
"68",480,0,27,7.67,10,11,2,2,4.8,11.67,5.67,32.1489,182.284263,4
"69",480,0,27,7.67,10,11,3,1,5.9,13.67,7.67,58.8289,451.217663,9
"70",484,0,28,8,13,11,0,0,6.7,8,2,4,8,0
"71",484,0,28,8,13,11,1,0,8.2,10,4,16,64,1
"72",484,0,28,8,13,11,2,1,6.9,12,6,36,216,4
"73",486,1,27,6.67,7,7,0,1,3.1,6.67,0.67,0.4489,0.300763,0
"74",486,1,27,6.67,7,7,1,1,4.7,8.67,2.67,7.1289,19.034163,1
"75",486,1,27,6.67,7,7,2,0,5.6,10.67,4.67,21.8089,101.847563,4
"76",486,1,27,6.67,7,7,3,1,6.4,12.67,6.67,44.4889,296.740963,9
"77",494,1,27,7.42,10,9,0,2,2.3,7.42,1.42,2.0164,2.863288,0
"78",494,1,27,7.42,10,9,1,6,4.1,9.42,3.42,11.6964,40.001688,1
"79",494,1,27,7.42,10,9,2,5,5.8,11.42,5.42,29.3764,159.220088,4
"80",494,1,27,7.42,10,9,3,4,6.9,13.42,7.42,55.0564,408.518488,9
"81",509,1,27,6.33,11,10,0,3,2.1,6.33,0.33,0.1089,0.035937,0
"82",509,1,27,6.33,11,10,1,3,3.9,8.33,2.33,5.4289,12.649337,1
"83",509,1,27,6.33,11,10,2,2,5,10.33,4.33,18.7489,81.182737,4
"84",509,1,27,6.33,11,10,3,9,5.3,12.33,6.33,40.0689,253.636137,9
"85",522,0,27,7.17,9,9,0,1,3,7.17,1.17,1.3689,1.601613,0
"86",522,0,27,7.17,9,9,2,2,5.6,11.17,5.17,26.7289,138.188413,4
"87",522,0,27,7.17,9,9,3,1,6.2,13.17,7.17,51.4089,368.601813,9
"88",533,0,28,6.42,11,8,0,0,1.8,6.42,0.42,0.1764,0.074088,0
"89",533,0,28,6.42,11,8,1,0,2.7,8.42,2.42,5.8564,14.172488,1
"90",533,0,28,6.42,11,8,2,1,4,10.42,4.42,19.5364,86.350888,4
"91",533,0,28,6.42,11,8,3,0,4.5,12.42,6.42,41.2164,264.609288,9
"92",555,0,28,7.75,9,5,0,1,3.8,7.75,1.75,3.0625,5.359375,0
"93",555,0,28,7.75,9,5,1,3,5.7,9.75,3.75,14.0625,52.734375,1
"94",555,0,28,7.75,9,5,2,0,6.2,11.75,5.75,33.0625,190.109375,4
"95",555,0,28,7.75,9,5,3,0,6.8,13.75,7.75,60.0625,465.484375,9
"96",568,0,27,6,8,8,0,2,1.8,6,0,0,0,0
"97",568,0,27,6,8,8,1,0,4.2,8,2,4,8,1
"98",568,0,27,6,8,8,2,1,5.1,10,4,16,64,4
"99",568,0,27,6,8,8,3,2,7.2,12,6,36,216,9
"100",637,1,27,6.17,4,6,0,0,2.6,6.17,0.17,0.0289,0.00491299999999999,0
"101",637,1,27,6.17,4,6,1,3,2.5,8.17,2.17,4.7089,10.218313,1
"102",637,1,27,6.17,4,6,2,2,3.3,10.17,4.17,17.3889,72.511713,4
"103",637,1,27,6.17,4,6,3,2,4.4,12.17,6.17,38.0689,234.885113,9
"104",648,0,27,8,7,7,0,5,3.6,8,2,4,8,0
"105",648,0,27,8,7,7,1,0,5.2,10,4,16,64,1
"106",648,0,27,8,7,7,2,5,6,12,6,36,216,4
"107",648,0,27,8,7,7,3,3,7.5,14,8,64,512,9
"108",689,0,26,6,12,13,0,0,1.8,6,0,0,0,0
"109",689,0,26,6,12,13,1,1,2.4,8,2,4,8,1
"110",689,0,26,6,12,13,2,2,3.7,10,4,16,64,4
"111",689,0,26,6,12,13,3,2,5.4,12,6,36,216,9
"112",747,1,26,6.67,6,9,0,1,3,6.67,0.67,0.4489,0.300763,0
"113",747,1,26,6.67,6,9,1,4,4.7,8.67,2.67,7.1289,19.034163,1
"114",747,1,26,6.67,6,9,2,1,6.5,10.67,4.67,21.8089,101.847563,4
"115",747,1,26,6.67,6,9,3,1,6.1,12.67,6.67,44.4889,296.740963,9
"116",756,0,26,6.5,9,7,0,3,2.3,6.5,0.5,0.25,0.125,0
"117",756,0,26,6.5,9,7,1,2,4.2,8.5,2.5,6.25,15.625,1
"118",756,0,26,6.5,9,7,3,5,6.7,12.5,6.5,42.25,274.625,9
"119",761,1,26,7.83,9,11,0,1,2.1,7.83,1.83,3.3489,6.128487,0
"120",761,1,26,7.83,9,11,1,3,2.5,9.83,3.83,14.6689,56.181887,1
"121",761,1,26,7.83,9,11,2,3,4,11.83,5.83,33.9889,198.155287,4
"122",761,1,26,7.83,9,11,3,1,3.3,13.83,7.83,61.3089,480.048687,9
"123",768,0,27,6.92,12,11,0,0,2.8,6.92,0.92,0.8464,0.778688,0
"124",768,0,27,6.92,12,11,1,0,5,8.92,2.92,8.5264,24.897088,1
"125",768,0,27,6.92,12,11,2,0,6,10.92,4.92,24.2064,119.095488,4
"126",768,0,27,6.92,12,11,3,0,6.1,12.92,6.92,47.8864,331.373888,9
"127",780,1,26,6.08,9,11,0,1,1.8,6.08,0.0800000000000001,0.00640000000000001,0.000512000000000001,0
"128",780,1,26,6.08,9,11,1,3,2.9,8.08,2.08,4.3264,8.998912,1
"129",780,1,26,6.08,9,11,2,2,6,10.08,4.08,16.6464,67.917312,4
"130",798,0,27,6,10,12,0,1,1.8,6,0,0,0,0
"131",798,0,27,6,10,12,1,3,2.4,8,2,4,8,1
"132",798,0,27,6,10,12,2,3,3.5,10,4,16,64,4
"133",798,0,27,6,10,12,3,5,4.4,12,6,36,216,9
"134",813,1,26,7,3,7,0,1,2.8,7,1,1,1,0
"135",813,1,26,7,3,7,1,2,3.8,9,3,9,27,1
"136",813,1,26,7,3,7,2,3,3.9,11,5,25,125,4
"137",813,1,26,7,3,7,3,1,5,13,7,49,343,9
"138",828,0,26,6.42,9,7,0,2,1.7,6.42,0.42,0.1764,0.074088,0
"139",828,0,26,6.42,9,7,1,2,2.8,8.42,2.42,5.8564,14.172488,1
"140",828,0,26,6.42,9,7,2,4,3.9,10.42,4.42,19.5364,86.350888,4
"141",828,0,26,6.42,9,7,3,3,4.8,12.42,6.42,41.2164,264.609288,9
"142",851,0,26,6.5,9,8,0,2,3.1,6.5,0.5,0.25,0.125,0
"143",851,0,26,6.5,9,8,1,5,5.2,8.5,2.5,6.25,15.625,1
"144",851,0,26,6.5,9,8,2,5,6.2,10.5,4.5,20.25,91.125,4
"145",851,0,26,6.5,9,8,3,7,6.8,12.5,6.5,42.25,274.625,9
"146",858,1,26,6.25,13,10,0,4,1.3,6.25,0.25,0.0625,0.015625,0
"147",858,1,26,6.25,13,10,1,0,2.3,8.25,2.25,5.0625,11.390625,1
"148",858,1,26,6.25,13,10,2,4,2.5,10.25,4.25,18.0625,76.765625,4
"149",858,1,26,6.25,13,10,3,4,3.4,12.25,6.25,39.0625,244.140625,9
"150",865,0,26,7.5,7,7,0,4,2.3,7.5,1.5,2.25,3.375,0
"151",865,0,26,7.5,7,7,1,0,4.1,9.5,3.5,12.25,42.875,1
"152",865,0,26,7.5,7,7,3,6,5.4,13.5,7.5,56.25,421.875,9
"153",894,1,27,6.17,12,9,0,1,1.8,6.17,0.17,0.0289,0.00491299999999999,0
"154",894,1,27,6.17,12,9,1,3,3.5,8.17,2.17,4.7089,10.218313,1
"155",894,1,27,6.17,12,9,2,3,3.7,10.17,4.17,17.3889,72.511713,4
"156",894,1,27,6.17,12,9,3,2,5.6,12.17,6.17,38.0689,234.885113,9
"157",906,1,26,6.5,10,12,0,0,1.7,6.5,0.5,0.25,0.125,0
"158",906,1,26,6.5,10,12,1,2,2.1,8.5,2.5,6.25,15.625,1
"159",906,1,26,6.5,10,12,3,2,2.5,12.5,6.5,42.25,274.625,9
"160",911,1,26,7.75,7,8,0,3,1.9,7.75,1.75,3.0625,5.359375,0
"161",911,1,26,7.75,7,8,1,0,2.3,9.75,3.75,14.0625,52.734375,1
"162",911,1,26,7.75,7,8,2,4,3,11.75,5.75,33.0625,190.109375,4
"163",911,1,26,7.75,7,8,3,1,2.8,13.75,7.75,60.0625,465.484375,9
"164",936,0,26,8,10,10,0,0,3.3,8,2,4,8,0
"165",936,0,26,8,10,10,1,0,4.4,10,4,16,64,1
"166",936,0,26,8,10,10,2,1,5.9,12,6,36,216,4
"167",936,0,26,8,10,10,3,0,5.8,14,8,64,512,9
"168",939,1,26,7.42,8,10,0,4,3.1,7.42,1.42,2.0164,2.863288,0
"169",939,1,26,7.42,8,10,1,2,4.1,9.42,3.42,11.6964,40.001688,1
"170",939,1,26,7.42,8,10,2,2,4.7,11.42,5.42,29.3764,159.220088,4
"171",939,1,26,7.42,8,10,3,3,5.1,13.42,7.42,55.0564,408.518488,9
"172",945,0,27,7.83,8,11,0,1,2.7,7.83,1.83,3.3489,6.128487,0
"173",945,0,27,7.83,8,11,1,0,4.9,9.83,3.83,14.6689,56.181887,1
"174",945,0,27,7.83,8,11,2,1,5,11.83,5.83,33.9889,198.155287,4
"175",957,0,27,7.08,13,6,0,1,2.1,7.08,1.08,1.1664,1.259712,0
"176",957,0,27,7.08,13,6,1,1,4,9.08,3.08,9.4864,29.218112,1
"177",957,0,27,7.08,13,6,2,1,4.4,11.08,5.08,25.8064,131.096512,4
"178",963,1,27,6.25,12,11,0,6,1.9,6.25,0.25,0.0625,0.015625,0
"179",963,1,27,6.25,12,11,1,5,3,8.25,2.25,5.0625,11.390625,1
"180",963,1,27,6.25,12,11,2,3,4.1,10.25,4.25,18.0625,76.765625,4
"181",963,1,27,6.25,12,11,3,4,4.4,12.25,6.25,39.0625,244.140625,9
"182",970,0,26,7.58,7,11,0,2,2.2,7.58,1.58,2.4964,3.944312,0
"183",970,0,26,7.58,7,11,1,5,3.9,9.58,3.58,12.8164,45.882712,1
"184",970,0,26,7.58,7,11,2,1,5.7,11.58,5.58,31.1364,173.741112,4
"185",970,0,26,7.58,7,11,3,2,6,13.58,7.58,57.4564,435.519512,9
"186",1031,0,26,6.33,8,7,0,0,2.5,6.33,0.33,0.1089,0.035937,0
"187",1031,0,26,6.33,8,7,1,0,4,8.33,2.33,5.4289,12.649337,1
"188",1031,0,26,6.33,8,7,2,2,4.4,10.33,4.33,18.7489,81.182737,4
"189",1031,0,26,6.33,8,7,3,0,5.5,12.33,6.33,40.0689,253.636137,9
"190",1036,1,26,6.92,8,12,0,0,2.4,6.92,0.92,0.8464,0.778688,0
"191",1036,1,26,6.92,8,12,1,3,3.9,8.92,2.92,8.5264,24.897088,1
"192",1036,1,26,6.92,8,12,2,4,5.1,10.92,4.92,24.2064,119.095488,4
"193",1036,1,26,6.92,8,12,3,1,5.6,12.92,6.92,47.8864,331.373888,9
"194",1048,0,25,6.42,8,9,0,0,2,6.42,0.42,0.1764,0.074088,0
"195",1048,0,25,6.42,8,9,1,1,4,8.42,2.42,5.8564,14.172488,1
"196",1048,0,25,6.42,8,9,3,2,5.7,12.42,6.42,41.2164,264.609288,9
"197",1050,0,25,6.17,10,11,0,1,2.1,6.17,0.17,0.0289,0.00491299999999999,0
"198",1050,0,25,6.17,10,11,2,0,4.5,10.17,4.17,17.3889,72.511713,4
"199",1050,0,25,6.17,10,11,3,0,5.3,12.17,6.17,38.0689,234.885113,9
"200",1072,1,25,8,8,9,0,6,1.7,8,2,4,8,0
"201",1072,1,25,8,8,9,1,6,2.1,10,4,16,64,1
"202",1076,0,25,6.75,13,11,0,0,2,6.75,0.75,0.5625,0.421875,0
"203",1076,0,25,6.75,13,11,1,0,4.3,8.75,2.75,7.5625,20.796875,1
"204",1076,0,25,6.75,13,11,2,2,5,10.75,4.75,22.5625,107.171875,4
"205",1076,0,25,6.75,13,11,3,2,5.7,12.75,6.75,45.5625,307.546875,9
"206",1086,0,25,6.92,6,8,0,0,2.2,6.92,0.92,0.8464,0.778688,0
"207",1086,0,25,6.92,6,8,1,2,3.2,8.92,2.92,8.5264,24.897088,1
"208",1086,0,25,6.92,6,8,2,0,4.6,10.92,4.92,24.2064,119.095488,4
"209",1086,0,25,6.92,6,8,3,1,5.6,12.92,6.92,47.8864,331.373888,9
"210",1091,0,25,7.5,11,7,0,0,4.4,7.5,1.5,2.25,3.375,0
"211",1111,0,25,8,5,9,0,1,2,8,2,4,8,0
"212",1111,0,25,8,5,9,1,0,2.6,10,4,16,64,1
"213",1111,0,25,8,5,9,2,3,3.4,12,6,36,216,4
"214",1123,0,25,6.5,11,11,0,1,2.1,6.5,0.5,0.25,0.125,0
"215",1123,0,25,6.5,11,11,1,2,3.2,8.5,2.5,6.25,15.625,1
"216",1123,0,25,6.5,11,11,2,1,4.9,10.5,4.5,20.25,91.125,4
"217",1123,0,25,6.5,11,11,3,2,5.9,12.5,6.5,42.25,274.625,9
"218",1135,0,25,8,9,11,0,0,3.2,8,2,4,8,0
"219",1135,0,25,8,9,11,1,1,4,10,4,16,64,1
"220",1135,0,25,8,9,11,2,1,4.4,12,6,36,216,4
"221",1135,0,25,8,9,11,3,3,5.9,14,8,64,512,9
"222",1139,0,25,7.92,12,11,0,0,2.4,7.92,1.92,3.6864,7.077888,0
"223",1139,0,25,7.92,12,11,1,0,3.6,9.92,3.92,15.3664,60.236288,1
"224",1139,0,25,7.92,12,11,2,0,4.6,11.92,5.92,35.0464,207.474688,4
"225",1139,0,25,7.92,12,11,3,0,5.1,13.92,7.92,62.7264,496.793088,9
"226",1166,1,26,6.75,4,9,0,4,1.8,6.75,0.75,0.5625,0.421875,0
"227",1166,1,26,6.75,4,9,1,2,2.6,8.75,2.75,7.5625,20.796875,1
"228",1166,1,26,6.75,4,9,2,1,3.8,10.75,4.75,22.5625,107.171875,4
"229",1170,1,26,7.83,8,9,0,3,2.9,7.83,1.83,3.3489,6.128487,0
"230",1170,1,26,7.83,8,9,2,2,5.1,11.83,5.83,33.9889,198.155287,4
"231",1193,1,25,7.17,8,7,0,5,2.6,7.17,1.17,1.3689,1.601613,0
"232",1193,1,25,7.17,8,7,1,2,3.5,9.17,3.17,10.0489,31.855013,1
"233",1193,1,25,7.17,8,7,2,1,4.1,11.17,5.17,26.7289,138.188413,4
"234",1193,1,25,7.17,8,7,3,7,6.2,13.17,7.17,51.4089,368.601813,9
"235",1204,0,25,8,5,6,0,0,3.5,8,2,4,8,0
"236",1204,0,25,8,5,6,1,0,4.3,10,4,16,64,1
"237",1204,0,25,8,5,6,2,3,4.8,12,6,36,216,4
"238",1204,0,25,8,5,6,3,0,5.6,14,8,64,512,9
"239",1220,0,26,7.58,9,4,0,1,4.6,7.58,1.58,2.4964,3.944312,0
"240",1220,0,26,7.58,9,4,1,3,6,9.58,3.58,12.8164,45.882712,1
"241",1220,0,26,7.58,9,4,2,2,6.1,11.58,5.58,31.1364,173.741112,4
"242",1220,0,26,7.58,9,4,3,1,6.1,13.58,7.58,57.4564,435.519512,9
"243",1240,0,25,7.92,12,11,0,0,4.7,7.92,1.92,3.6864,7.077888,0
"244",1240,0,25,7.92,12,11,1,0,6,9.92,3.92,15.3664,60.236288,1
"245",1240,0,25,7.92,12,11,2,0,7,11.92,5.92,35.0464,207.474688,4
"246",1240,0,25,7.92,12,11,3,0,8,13.92,7.92,62.7264,496.793088,9
"247",1258,0,25,7.92,10,6,0,6,2.5,7.92,1.92,3.6864,7.077888,0
"248",1258,0,25,7.92,10,6,2,3,6.9,11.92,5.92,35.0464,207.474688,4
"249",1258,0,25,7.92,10,6,3,4,5.1,13.92,7.92,62.7264,496.793088,9
"250",1271,0,25,7.67,9,6,0,2,3.1,7.67,1.67,2.7889,4.657463,0
"251",1271,0,25,7.67,9,6,1,1,4.1,9.67,3.67,13.4689,49.430863,1
"252",1271,0,25,7.67,9,6,2,0,5.8,11.67,5.67,32.1489,182.284263,4
"253",1271,0,25,7.67,9,6,3,1,7.4,13.67,7.67,58.8289,451.217663,9
"254",1294,0,26,7.83,7,8,0,1,4,7.83,1.83,3.3489,6.128487,0
"255",1294,0,26,7.83,7,8,1,0,5.5,9.83,3.83,14.6689,56.181887,1
"256",1294,0,26,7.83,7,8,2,0,8.1,11.83,5.83,33.9889,198.155287,4
"257",1331,0,25,7,8,9,0,0,2.1,7,1,1,1,0
"258",1331,0,25,7,8,9,1,2,3,9,3,9,27,1
"259",1331,0,25,7,8,9,2,2,4,11,5,25,125,4
"260",1331,0,25,7,8,9,3,0,4,13,7,49,343,9
"261",1335,1,25,7.5,5,7,0,1,3.6,7.5,1.5,2.25,3.375,0
"262",1335,1,25,7.5,5,7,1,1,3.8,9.5,3.5,12.25,42.875,1
"263",1335,1,25,7.5,5,7,2,1,5.3,11.5,5.5,30.25,166.375,4
"264",1335,1,25,7.5,5,7,3,2,5.9,13.5,7.5,56.25,421.875,9
"265",1361,1,25,7.33,11,12,0,1,4,7.33,1.33,1.7689,2.352637,0
"266",1361,1,25,7.33,11,12,1,2,6.1,9.33,3.33,11.0889,36.926037,1
"267",1361,1,25,7.33,11,12,2,1,7.5,11.33,5.33,28.4089,151.419437,4
"268",1361,1,25,7.33,11,12,3,2,6.6,13.33,7.33,53.7289,393.832837,9
"269",1378,1,26,7.67,11,12,0,3,3.2,7.67,1.67,2.7889,4.657463,0
"270",1378,1,26,7.67,11,12,1,1,3.6,9.67,3.67,13.4689,49.430863,1
"271",1378,1,26,7.67,11,12,2,1,4.2,11.67,5.67,32.1489,182.284263,4
"272",1378,1,26,7.67,11,12,3,0,4.4,13.67,7.67,58.8289,451.217663,9
"273",1386,1,25,7.58,7,12,0,5,2.4,7.58,1.58,2.4964,3.944312,0
"274",1386,1,25,7.58,7,12,2,0,3.3,11.58,5.58,31.1364,173.741112,4
"275",1392,0,26,7.83,4,10,0,2,2.8,7.83,1.83,3.3489,6.128487,0
"276",1392,0,26,7.83,4,10,2,0,7.7,11.83,5.83,33.9889,198.155287,4
"277",1392,0,26,7.83,4,10,3,2,6.7,13.83,7.83,61.3089,480.048687,9
"278",1412,1,25,6.33,10,7,0,2,5.6,6.33,0.33,0.1089,0.035937,0
"279",1412,1,25,6.33,10,7,1,3,4.6,8.33,2.33,5.4289,12.649337,1
"280",1412,1,25,6.33,10,7,2,2,6,10.33,4.33,18.7489,81.182737,4
"281",1412,1,25,6.33,10,7,3,2,6.3,12.33,6.33,40.0689,253.636137,9
"282",1419,1,24,6.83,8,8,0,1,1.8,6.83,0.83,0.6889,0.571787,0
"283",1419,1,24,6.83,8,8,1,1,3,8.83,2.83,8.0089,22.665187,1
"284",1422,0,25,6.33,8,8,0,1,1.8,6.33,0.33,0.1089,0.035937,0
"285",1422,0,25,6.33,8,8,1,4,3.8,8.33,2.33,5.4289,12.649337,1
"286",1422,0,25,6.33,8,8,2,1,4.7,10.33,4.33,18.7489,81.182737,4
"287",1456,0,24,6.75,9,11,0,0,2.3,6.75,0.75,0.5625,0.421875,0
"288",1456,0,24,6.75,9,11,1,0,4.4,8.75,2.75,7.5625,20.796875,1
"289",1456,0,24,6.75,9,11,2,2,5.6,10.75,4.75,22.5625,107.171875,4
"290",1456,0,24,6.75,9,11,3,5,7.2,12.75,6.75,45.5625,307.546875,9
"291",1463,1,25,7.08,9,7,0,1,2.2,7.08,1.08,1.1664,1.259712,0
"292",1463,1,25,7.08,9,7,1,2,3.7,9.08,3.08,9.4864,29.218112,1
"293",1463,1,25,7.08,9,7,2,2,4.8,11.08,5.08,25.8064,131.096512,4
"294",1463,1,25,7.08,9,7,3,4,5.4,13.08,7.08,50.1264,354.894912,9
"295",1466,0,24,7.83,10,7,0,1,3.5,7.83,1.83,3.3489,6.128487,0
"296",1466,0,24,7.83,10,7,1,0,4.2,9.83,3.83,14.6689,56.181887,1
"297",1466,0,24,7.83,10,7,2,0,4.9,11.83,5.83,33.9889,198.155287,4
"298",1466,0,24,7.83,10,7,3,3,4.4,13.83,7.83,61.3089,480.048687,9
"299",1491,1,25,6.58,12,11,0,2,2.3,6.58,0.58,0.3364,0.195112,0
"300",1491,1,25,6.58,12,11,1,0,4.2,8.58,2.58,6.6564,17.173512,1
"301",1491,1,25,6.58,12,11,2,1,5.3,10.58,4.58,20.9764,96.071912,4
"302",1491,1,25,6.58,12,11,3,0,5.4,12.58,6.58,43.2964,284.890312,9
"303",1498,1,24,6.58,10,11,0,1,3.8,6.58,0.58,0.3364,0.195112,0
"304",1498,1,24,6.58,10,11,1,3,5.5,8.58,2.58,6.6564,17.173512,1
"305",1498,1,24,6.58,10,11,2,0,7.8,10.58,4.58,20.9764,96.071912,4
"306",1515,1,24,6.5,8,10,0,4,2.1,6.5,0.5,0.25,0.125,0
"307",1515,1,24,6.5,8,10,1,3,3,8.5,2.5,6.25,15.625,1
"308",1515,1,24,6.5,8,10,2,5,3.7,10.5,4.5,20.25,91.125,4
"309",1515,1,24,6.5,8,10,3,4,4.8,12.5,6.5,42.25,274.625,9
"310",1530,1,24,7.17,8,12,0,0,2.7,7.17,1.17,1.3689,1.601613,0
"311",1530,1,24,7.17,8,12,1,0,4.7,9.17,3.17,10.0489,31.855013,1
"312",1530,1,24,7.17,8,12,2,0,5.9,11.17,5.17,26.7289,138.188413,4
"313",1530,1,24,7.17,8,12,3,0,6.9,13.17,7.17,51.4089,368.601813,9
"314",1537,0,24,6.25,6,7,0,1,1.8,6.25,0.25,0.0625,0.015625,0
"315",1537,0,24,6.25,6,7,1,0,3.1,8.25,2.25,5.0625,11.390625,1
"316",1537,0,24,6.25,6,7,2,1,3.7,10.25,4.25,18.0625,76.765625,4
"317",1537,0,24,6.25,6,7,3,2,4.3,12.25,6.25,39.0625,244.140625,9
"318",1550,0,24,7.42,5,8,0,4,3.9,7.42,1.42,2.0164,2.863288,0
"319",1550,0,24,7.42,5,8,1,2,5.1,9.42,3.42,11.6964,40.001688,1
"320",1552,1,25,6,13,8,0,3,1.8,6,0,0,0,0
"321",1552,1,25,6,13,8,1,0,3.5,8,2,4,8,1
"322",1552,1,25,6,13,8,2,3,4.5,10,4,16,64,4
"323",1552,1,25,6,13,8,3,0,5.9,12,6,36,216,9
"324",1559,0,24,8,10,3,0,4,2.3,8,2,4,8,0
"325",1559,0,24,8,10,3,1,4,2.7,10,4,16,64,1
"326",1559,0,24,8,10,3,2,3,4.1,12,6,36,216,4
"327",1559,0,24,8,10,3,3,2,4.4,14,8,64,512,9
"328",1577,1,25,6.67,2,0,0,4,1.8,6.67,0.67,0.4489,0.300763,0
"329",1577,1,25,6.67,2,0,1,8,2.6,8.67,2.67,7.1289,19.034163,1
"330",1577,1,25,6.67,2,0,2,6,3.3,10.67,4.67,21.8089,101.847563,4
"331",1582,0,24,6.33,11,8,0,5,2.3,6.33,0.33,0.1089,0.035937,0
"332",1582,0,24,6.33,11,8,1,1,6,8.33,2.33,5.4289,12.649337,1
"333",1582,0,24,6.33,11,8,2,0,7.8,10.33,4.33,18.7489,81.182737,4
"334",1584,0,25,6.92,12,9,0,0,2.1,6.92,0.92,0.8464,0.778688,0
"335",1584,0,25,6.92,12,9,1,1,3.1,8.92,2.92,8.5264,24.897088,1
"336",1584,0,25,6.92,12,9,2,0,3.9,10.92,4.92,24.2064,119.095488,4
"337",1584,0,25,6.92,12,9,3,1,4.7,12.92,6.92,47.8864,331.373888,9
"338",1599,1,24,6.17,7,9,0,2,1.8,6.17,0.17,0.0289,0.00491299999999999,0
"339",1608,1,24,7.42,6,5,0,1,3.8,7.42,1.42,2.0164,2.863288,0
"340",1608,1,24,7.42,6,5,1,4,4.8,9.42,3.42,11.6964,40.001688,1
"341",1608,1,24,7.42,6,5,3,4,7,13.42,7.42,55.0564,408.518488,9
"342",1621,1,25,7.83,11,11,0,0,3.5,7.83,1.83,3.3489,6.128487,0
"343",1621,1,25,7.83,11,11,1,1,4.8,9.83,3.83,14.6689,56.181887,1
"344",1621,1,25,7.83,11,11,2,3,5.4,11.83,5.83,33.9889,198.155287,4
"345",1621,1,25,7.83,11,11,3,3,6.2,13.83,7.83,61.3089,480.048687,9
"346",1639,1,24,6.58,12,9,0,0,1.5,6.58,0.58,0.3364,0.195112,0
"347",1639,1,24,6.58,12,9,1,1,2,8.58,2.58,6.6564,17.173512,1
"348",1639,1,24,6.58,12,9,3,0,2.6,12.58,6.58,43.2964,284.890312,9
"349",1648,1,25,7.25,11,9,0,5,4.1,7.25,1.25,1.5625,1.953125,0
"350",1648,1,25,7.25,11,9,1,2,4.7,9.25,3.25,10.5625,34.328125,1
"351",1648,1,25,7.25,11,9,3,1,6.4,13.25,7.25,52.5625,381.078125,9
"352",1652,0,25,6.83,11,11,0,0,3.6,6.83,0.83,0.6889,0.571787,0
"353",1652,0,25,6.83,11,11,1,1,5.4,8.83,2.83,8.0089,22.665187,1
"354",1652,0,25,6.83,11,11,2,0,6.2,10.83,4.83,23.3289,112.678587,4
"355",1652,0,25,6.83,11,11,3,0,7.7,12.83,6.83,46.6489,318.611987,9
"356",1659,1,25,6.42,8,9,0,0,3.7,6.42,0.42,0.1764,0.074088,0
"357",1659,1,25,6.42,8,9,1,0,5.2,8.42,2.42,5.8564,14.172488,1
"358",1659,1,25,6.42,8,9,2,3,5.7,10.42,4.42,19.5364,86.350888,4
"359",1659,1,25,6.42,8,9,3,2,7.8,12.42,6.42,41.2164,264.609288,9
"360",1665,0,24,8,5,11,0,0,4.3,8,2,4,8,0
"361",1665,0,24,8,5,11,1,4,5,10,4,16,64,1
"362",1665,0,24,8,5,11,2,5,5.3,12,6,36,216,4
"363",1665,0,24,8,5,11,3,3,6.7,14,8,64,512,9
"364",1666,1,24,7.58,7,11,0,2,4.7,7.58,1.58,2.4964,3.944312,0
"365",1666,1,24,7.58,7,11,1,3,5.3,9.58,3.58,12.8164,45.882712,1
"366",1666,1,24,7.58,7,11,2,4,6.1,11.58,5.58,31.1364,173.741112,4
"367",1666,1,24,7.58,7,11,3,3,7,13.58,7.58,57.4564,435.519512,9
"368",1682,0,24,6.5,7,5,0,2,1.8,6.5,0.5,0.25,0.125,0
"369",1682,0,24,6.5,7,5,1,1,2.9,8.5,2.5,6.25,15.625,1
"370",1682,0,24,6.5,7,5,3,1,4.2,12.5,6.5,42.25,274.625,9
"371",1700,1,24,6.17,5,5,0,0,1.8,6.17,0.17,0.0289,0.00491299999999999,0
"372",1700,1,24,6.17,5,5,1,4,4.5,8.17,2.17,4.7089,10.218313,1
"373",1700,1,24,6.17,5,5,2,10,5.6,10.17,4.17,17.3889,72.511713,4
"374",1700,1,24,6.17,5,5,3,7,5.8,12.17,6.17,38.0689,234.885113,9
"375",1741,1,23,6.83,10,4,0,2,2.1,6.83,0.83,0.6889,0.571787,0
"376",1741,1,23,6.83,10,4,1,2,3.5,8.83,2.83,8.0089,22.665187,1
"377",1741,1,23,6.83,10,4,2,3,4.5,10.83,4.83,23.3289,112.678587,4
"378",1741,1,23,6.83,10,4,3,2,5.1,12.83,6.83,46.6489,318.611987,9
"379",1756,1,23,7.58,8,7,0,3,2.4,7.58,1.58,2.4964,3.944312,0
"380",1756,1,23,7.58,8,7,1,5,3.7,9.58,3.58,12.8164,45.882712,1
"381",1756,1,23,7.58,8,7,2,5,4.7,11.58,5.58,31.1364,173.741112,4
"382",1756,1,23,7.58,8,7,3,3,5.5,13.58,7.58,57.4564,435.519512,9
"383",1763,0,23,6.75,6,6,0,1,2.6,6.75,0.75,0.5625,0.421875,0
"384",1763,0,23,6.75,6,6,1,1,5.2,8.75,2.75,7.5625,20.796875,1
"385",1810,0,23,6.42,8,6,0,3,2.1,6.42,0.42,0.1764,0.074088,0
"386",1810,0,23,6.42,8,6,1,2,2.3,8.42,2.42,5.8564,14.172488,1
"387",1828,1,24,6.75,9,7,0,1,2.5,6.75,0.75,0.5625,0.421875,0
"388",1828,1,24,6.75,9,7,1,6,4.7,8.75,2.75,7.5625,20.796875,1
"389",1828,1,24,6.75,9,7,2,2,5.3,10.75,4.75,22.5625,107.171875,4
"390",1828,1,24,6.75,9,7,3,3,5.5,12.75,6.75,45.5625,307.546875,9
"391",1830,0,24,6.08,9,7,0,1,1.9,6.08,0.0800000000000001,0.00640000000000001,0.000512000000000001,0
"392",1830,0,24,6.08,9,7,1,0,5.5,8.08,2.08,4.3264,8.998912,1
"393",1830,0,24,6.08,9,7,2,2,5.5,10.08,4.08,16.6464,67.917312,4
"394",1830,0,24,6.08,9,7,3,0,5.5,12.08,6.08,36.9664,224.755712,9
"395",1836,0,23,8,4,3,0,1,2.1,8,2,4,8,0
"396",1836,0,23,8,4,3,1,1,2.5,10,4,16,64,1
"397",1836,0,23,8,4,3,2,2,3.1,12,6,36,216,4
"398",1836,0,23,8,4,3,3,1,3.4,14,8,64,512,9
"399",1843,0,24,7.5,9,11,0,2,2.3,7.5,1.5,2.25,3.375,0
"400",1843,0,24,7.5,9,11,1,1,3.3,9.5,3.5,12.25,42.875,1
"401",1843,0,24,7.5,9,11,2,4,3.3,11.5,5.5,30.25,166.375,4
"402",1848,1,23,6,12,10,0,0,1.8,6,0,0,0,0
"403",1848,1,23,6,12,10,1,0,2.5,8,2,4,8,1
"404",1848,1,23,6,12,10,2,0,4,10,4,16,64,4
"405",1848,1,23,6,12,10,3,0,4.1,12,6,36,216,9
"406",1886,1,24,6.58,3,5,0,1,3,6.58,0.58,0.3364,0.195112,0
"407",1886,1,24,6.58,3,5,1,2,3.8,8.58,2.58,6.6564,17.173512,1
"408",1886,1,24,6.58,3,5,2,1,4.5,10.58,4.58,20.9764,96.071912,4
"409",1886,1,24,6.58,3,5,3,1,5.5,12.58,6.58,43.2964,284.890312,9
"410",1888,0,24,7.25,6,7,0,0,2.5,7.25,1.25,1.5625,1.953125,0
"411",1888,0,24,7.25,6,7,1,0,2.6,9.25,3.25,10.5625,34.328125,1
"412",1888,0,24,7.25,6,7,2,0,3.7,11.25,5.25,27.5625,144.703125,4
"413",1888,0,24,7.25,6,7,3,0,3.5,13.25,7.25,52.5625,381.078125,9
"414",1926,1,24,6.08,6,5,0,2,1.7,6.08,0.0800000000000001,0.00640000000000001,0.000512000000000001,0
"415",1926,1,24,6.08,6,5,1,2,2.2,8.08,2.08,4.3264,8.998912,1
"416",1934,1,23,7.42,10,3,0,7,3.2,7.42,1.42,2.0164,2.863288,0
"417",1934,1,23,7.42,10,3,1,5,5.5,9.42,3.42,11.6964,40.001688,1
"418",1934,1,23,7.42,10,3,2,5,5.6,11.42,5.42,29.3764,159.220088,4
"419",1934,1,23,7.42,10,3,3,4,4.9,13.42,7.42,55.0564,408.518488,9
"420",1940,0,23,6.42,4,6,0,0,1.9,6.42,0.42,0.1764,0.074088,0
"421",1940,0,23,6.42,4,6,1,6,2.8,8.42,2.42,5.8564,14.172488,1
"422",1940,0,23,6.42,4,6,2,3,3.3,10.42,4.42,19.5364,86.350888,4
"423",1940,0,23,6.42,4,6,3,3,3.6,12.42,6.42,41.2164,264.609288,9
"424",1969,1,24,6.42,12,10,0,1,1.8,6.42,0.42,0.1764,0.074088,0
"425",1969,1,24,6.42,12,10,1,5,4.8,8.42,2.42,5.8564,14.172488,1
"426",1969,1,24,6.42,12,10,2,2,6.5,10.42,4.42,19.5364,86.350888,4
"427",1969,1,24,6.42,12,10,3,2,6.8,12.42,6.42,41.2164,264.609288,9
"428",1975,1,23,6.83,7,9,0,4,2.4,6.83,0.83,0.6889,0.571787,0
"429",1975,1,23,6.83,7,9,1,3,3.8,8.83,2.83,8.0089,22.665187,1
"430",1975,1,23,6.83,7,9,2,4,4.7,10.83,4.83,23.3289,112.678587,4
"431",1975,1,23,6.83,7,9,3,4,5.2,12.83,6.83,46.6489,318.611987,9
"432",1996,1,24,7.25,10,11,0,3,1.8,7.25,1.25,1.5625,1.953125,0
"433",1996,1,24,7.25,10,11,1,1,4.1,9.25,3.25,10.5625,34.328125,1
"434",1996,1,24,7.25,10,11,2,0,5.3,11.25,5.25,27.5625,144.703125,4
"435",2025,1,23,6.67,12,10,0,4,2.9,6.67,0.67,0.4489,0.300763,0
"436",2025,1,23,6.67,12,10,1,4,2.9,8.67,2.67,7.1289,19.034163,1
"437",2025,1,23,6.67,12,10,2,8,4.5,10.67,4.67,21.8089,101.847563,4
"438",2031,0,23,7.42,6,7,0,3,2.8,7.42,1.42,2.0164,2.863288,0
"439",2031,0,23,7.42,6,7,1,9,3.8,9.42,3.42,11.6964,40.001688,1
"440",2031,0,23,7.42,6,7,2,4,4.3,11.42,5.42,29.3764,159.220088,4
"441",2031,0,23,7.42,6,7,3,7,5,13.42,7.42,55.0564,408.518488,9
"442",2039,1,23,6,6,6,0,0,1.7,6,0,0,0,0
"443",2039,1,23,6,6,6,1,3,4.2,8,2,4,8,1
"444",2058,1,24,6.75,5,7,0,1,3.5,6.75,0.75,0.5625,0.421875,0
"445",2058,1,24,6.75,5,7,1,0,4.2,8.75,2.75,7.5625,20.796875,1
"446",2058,1,24,6.75,5,7,2,2,5.9,10.75,4.75,22.5625,107.171875,4
"447",2058,1,24,6.75,5,7,3,4,6.3,12.75,6.75,45.5625,307.546875,9
"448",2069,1,24,6,7,9,0,1,1.7,6,0,0,0,0
"449",2069,1,24,6,7,9,1,2,2.6,8,2,4,8,1
"450",2069,1,24,6,7,9,2,3,3.1,10,4,16,64,4
"451",2069,1,24,6,7,9,3,2,3.5,12,6,36,216,9
"452",2199,0,22,6.25,6,7,0,0,1.8,6.25,0.25,0.0625,0.015625,0
"453",2199,0,22,6.25,6,7,1,0,2.7,8.25,2.25,5.0625,11.390625,1
"454",2199,0,22,6.25,6,7,2,1,3.5,10.25,4.25,18.0625,76.765625,4
"455",2199,0,22,6.25,6,7,3,0,3.7,12.25,6.25,39.0625,244.140625,9
"456",2201,1,22,7.25,11,10,0,0,3.7,7.25,1.25,1.5625,1.953125,0
"457",2201,1,22,7.25,11,10,1,0,5.9,9.25,3.25,10.5625,34.328125,1
"458",2201,1,22,7.25,11,10,2,0,6.1,11.25,5.25,27.5625,144.703125,4
"459",2201,1,22,7.25,11,10,3,0,8.3,13.25,7.25,52.5625,381.078125,9
"460",2271,1,22,6.75,11,7,0,2,3.1,6.75,0.75,0.5625,0.421875,0
"461",2271,1,22,6.75,11,7,2,4,5.5,10.75,4.75,22.5625,107.171875,4
"462",2271,1,22,6.75,11,7,3,5,6.2,12.75,6.75,45.5625,307.546875,9
"463",2287,0,22,7.92,2,5,0,3,3.5,7.92,1.92,3.6864,7.077888,0
"464",2287,0,22,7.92,2,5,1,1,4.5,9.92,3.92,15.3664,60.236288,1
"465",2287,0,22,7.92,2,5,2,2,4.8,11.92,5.92,35.0464,207.474688,4
"466",2291,0,22,6.5,8,12,0,5,1.6,6.5,0.5,0.25,0.125,0
"467",2291,0,22,6.5,8,12,1,2,2.2,8.5,2.5,6.25,15.625,1
"468",2291,0,22,6.5,8,12,3,2,2.7,12.5,6.5,42.25,274.625,9
"469",2375,0,23,6,11,9,0,0,2,6,0,0,0,0
"470",2375,0,23,6,11,9,1,1,3.3,8,2,4,8,1
"471",2375,0,23,6,11,9,2,1,4,10,4,16,64,4
"472",2375,0,23,6,11,9,3,1,4.7,12,6,36,216,9
"473",2376,1,23,6.58,7,10,0,2,2,6.58,0.58,0.3364,0.195112,0
"474",2376,1,23,6.58,7,10,1,1,2.3,8.58,2.58,6.6564,17.173512,1
"475",2376,1,23,6.58,7,10,2,0,3.9,10.58,4.58,20.9764,96.071912,4
"476",2376,1,23,6.58,7,10,3,2,4.5,12.58,6.58,43.2964,284.890312,9
"477",2396,1,22,6.67,6,3,0,3,2,6.67,0.67,0.4489,0.300763,0
"478",2396,1,22,6.67,6,3,1,1,3,8.67,2.67,7.1289,19.034163,1
"479",2396,1,22,6.67,6,3,3,0,5.8,12.67,6.67,44.4889,296.740963,9
"480",2454,0,22,6.17,12,10,0,0,2,6.17,0.17,0.0289,0.00491299999999999,0
"481",2454,0,22,6.17,12,10,1,0,3.6,8.17,2.17,4.7089,10.218313,1
"482",2454,0,22,6.17,12,10,2,2,4.6,10.17,4.17,17.3889,72.511713,4
"483",2454,0,22,6.17,12,10,3,0,5.5,12.17,6.17,38.0689,234.885113,9
"484",2480,0,21,6.5,9,7,0,6,1.8,6.5,0.5,0.25,0.125,0
"485",2480,0,21,6.5,9,7,1,2,2.5,8.5,2.5,6.25,15.625,1
"486",2480,0,21,6.5,9,7,2,7,2.9,10.5,4.5,20.25,91.125,4
"487",2480,0,21,6.5,9,7,3,3,3.5,12.5,6.5,42.25,274.625,9
"488",2601,0,22,7.67,9,7,0,4,4.8,7.67,1.67,2.7889,4.657463,0
"489",2601,0,22,7.67,9,7,1,2,5.3,9.67,3.67,13.4689,49.430863,1
"490",2601,0,22,7.67,9,7,2,0,6.4,11.67,5.67,32.1489,182.284263,4
"491",2635,1,21,7,8,7,0,2,2,7,1,1,1,0
"492",2635,1,21,7,8,7,1,6,2.6,9,3,9,27,1
"493",2635,1,21,7,8,7,3,5,3.9,13,7,49,343,9
"494",2655,0,22,6.08,7,4,0,6,2,6.08,0.0800000000000001,0.00640000000000001,0.000512000000000001,0
"495",2655,0,22,6.08,7,4,1,2,4.8,8.08,2.08,4.3264,8.998912,1
"496",2655,0,22,6.08,7,4,3,1,6.3,12.08,6.08,36.9664,224.755712,9
"497",2678,0,28,8,9,11,0,2,4.5,8,2,4,8,0
"498",2678,0,28,8,9,11,1,3,5.8,10,4,16,64,1
"499",2678,0,28,8,9,11,2,6,7.6,12,6,36,216,4
"500",2678,0,28,8,9,11,3,5,8,14,8,64,512,9
"501",2696,1,29,7.67,4,8,0,4,2,7.67,1.67,2.7889,4.657463,0
"502",2696,1,29,7.67,4,8,2,2,4.3,11.67,5.67,32.1489,182.284263,4
"503",2716,0,28,6.67,9,12,0,2,3.5,6.67,0.67,0.4489,0.300763,0
"504",2716,0,28,6.67,9,12,1,3,5,8.67,2.67,7.1289,19.034163,1
"505",2716,0,28,6.67,9,12,2,2,5.5,10.67,4.67,21.8089,101.847563,4
"506",2716,0,28,6.67,9,12,3,0,7.7,12.67,6.67,44.4889,296.740963,9
"507",2720,1,28,7.92,9,9,0,5,1.8,7.92,1.92,3.6864,7.077888,0
"508",2720,1,28,7.92,9,9,1,1,3.6,9.92,3.92,15.3664,60.236288,1
"509",2720,1,28,7.92,9,9,2,6,4.3,11.92,5.92,35.0464,207.474688,4
"510",2720,1,28,7.92,9,9,3,4,5.1,13.92,7.92,62.7264,496.793088,9
"511",2724,1,28,6.42,9,5,0,9,1.8,6.42,0.42,0.1764,0.074088,0
"512",2724,1,28,6.42,9,5,1,8,3.4,8.42,2.42,5.8564,14.172488,1
"513",2724,1,28,6.42,9,5,3,9,4.9,12.42,6.42,41.2164,264.609288,9
"514",2780,0,29,6.83,12,8,0,3,2.4,6.83,0.83,0.6889,0.571787,0
"515",2780,0,29,6.83,12,8,1,0,5.4,8.83,2.83,8.0089,22.665187,1
"516",2780,0,29,6.83,12,8,2,0,6.5,10.83,4.83,23.3289,112.678587,4
"517",2780,0,29,6.83,12,8,3,0,7.7,12.83,6.83,46.6489,318.611987,9
"518",2781,1,28,7.92,11,12,0,3,4.2,7.92,1.92,3.6864,7.077888,0
"519",2781,1,28,7.92,11,12,1,4,6.2,9.92,3.92,15.3664,60.236288,1
"520",2781,1,28,7.92,11,12,2,1,5.8,11.92,5.92,35.0464,207.474688,4
"521",2781,1,28,7.92,11,12,3,1,6.1,13.92,7.92,62.7264,496.793088,9
"522",2810,0,28,6.83,11,12,0,2,3.2,6.83,0.83,0.6889,0.571787,0
"523",2810,0,28,6.83,11,12,1,2,4.7,8.83,2.83,8.0089,22.665187,1
"524",2810,0,28,6.83,11,12,2,0,6.4,10.83,4.83,23.3289,112.678587,4
"525",2810,0,28,6.83,11,12,3,0,7.4,12.83,6.83,46.6489,318.611987,9
"526",2833,1,28,7.58,10,9,0,1,2.1,7.58,1.58,2.4964,3.944312,0
"527",2833,1,28,7.58,10,9,2,0,4.2,11.58,5.58,31.1364,173.741112,4
"528",2884,1,28,7.58,11,13,0,4,3.3,7.58,1.58,2.4964,3.944312,0
"529",2884,1,28,7.58,11,13,1,3,4.9,9.58,3.58,12.8164,45.882712,1
"530",2884,1,28,7.58,11,13,2,3,6.1,11.58,5.58,31.1364,173.741112,4
"531",2884,1,28,7.58,11,13,3,5,6.8,13.58,7.58,57.4564,435.519512,9
"532",2890,0,28,7.17,9,8,0,0,2.7,7.17,1.17,1.3689,1.601613,0
"533",2890,0,28,7.17,9,8,1,0,4.9,9.17,3.17,10.0489,31.855013,1
"534",2890,0,28,7.17,9,8,3,0,6.6,13.17,7.17,51.4089,368.601813,9
"535",2895,0,28,7.17,11,9,0,0,3.5,7.17,1.17,1.3689,1.601613,0
"536",2895,0,28,7.17,11,9,1,0,5.9,9.17,3.17,10.0489,31.855013,1
"537",2895,0,28,7.17,11,9,2,0,7.8,11.17,5.17,26.7289,138.188413,4
"538",2895,0,28,7.17,11,9,3,0,7.1,13.17,7.17,51.4089,368.601813,9
"539",2957,0,27,6.67,13,10,0,2,2.9,6.67,0.67,0.4489,0.300763,0
"540",2957,0,27,6.67,13,10,1,0,4.5,8.67,2.67,7.1289,19.034163,1
"541",2957,0,27,6.67,13,10,2,3,4.8,10.67,4.67,21.8089,101.847563,4
"542",2957,0,27,6.67,13,10,3,4,6.4,12.67,6.67,44.4889,296.740963,9
"543",3013,0,27,7.17,10,12,0,1,2.2,7.17,1.17,1.3689,1.601613,0
"544",3013,0,27,7.17,10,12,1,1,4.7,9.17,3.17,10.0489,31.855013,1
"545",3013,0,27,7.17,10,12,2,0,3.8,11.17,5.17,26.7289,138.188413,4
"546",3013,0,27,7.17,10,12,3,0,5.7,13.17,7.17,51.4089,368.601813,9
"547",3033,0,28,7.83,10,12,0,1,2.7,7.83,1.83,3.3489,6.128487,0
"548",3033,0,28,7.83,10,12,1,0,3.9,9.83,3.83,14.6689,56.181887,1
"549",3033,0,28,7.83,10,12,2,3,4.9,11.83,5.83,33.9889,198.155287,4
"550",3033,0,28,7.83,10,12,3,0,5.5,13.83,7.83,61.3089,480.048687,9
"551",3039,1,27,7.33,5,8,0,3,4,7.33,1.33,1.7689,2.352637,0
"552",3055,1,28,7.58,2,6,0,0,2.2,7.58,1.58,2.4964,3.944312,0
"553",3055,1,28,7.58,2,6,1,2,3.8,9.58,3.58,12.8164,45.882712,1
"554",3055,1,28,7.58,2,6,3,0,5.4,13.58,7.58,57.4564,435.519512,9
"555",3059,0,27,6.83,7,9,0,0,1.8,6.83,0.83,0.6889,0.571787,0
"556",3059,0,27,6.83,7,9,1,0,3.3,8.83,2.83,8.0089,22.665187,1
"557",3059,0,27,6.83,7,9,2,0,5,10.83,4.83,23.3289,112.678587,4
"558",3059,0,27,6.83,7,9,3,0,6.2,12.83,6.83,46.6489,318.611987,9
"559",3082,1,27,6.08,10,10,0,3,1.6,6.08,0.0800000000000001,0.00640000000000001,0.000512000000000001,0
"560",3082,1,27,6.08,10,10,1,4,2.7,8.08,2.08,4.3264,8.998912,1
"561",3082,1,27,6.08,10,10,2,3,4,10.08,4.08,16.6464,67.917312,4
"562",3082,1,27,6.08,10,10,3,3,5.7,12.08,6.08,36.9664,224.755712,9
"563",3112,1,28,7.25,8,12,0,2,2.2,7.25,1.25,1.5625,1.953125,0
"564",3112,1,28,7.25,8,12,1,1,6,9.25,3.25,10.5625,34.328125,1
"565",3112,1,28,7.25,8,12,2,2,5,11.25,5.25,27.5625,144.703125,4
"566",3112,1,28,7.25,8,12,3,0,5.6,13.25,7.25,52.5625,381.078125,9
"567",3118,0,28,7.17,11,10,0,0,2.3,7.17,1.17,1.3689,1.601613,0
"568",3158,0,27,6.92,7,10,0,2,2.3,6.92,0.92,0.8464,0.778688,0
"569",3158,0,27,6.92,7,10,1,4,3.4,8.92,2.92,8.5264,24.897088,1
"570",3158,0,27,6.92,7,10,2,1,4.5,10.92,4.92,24.2064,119.095488,4
"571",3158,0,27,6.92,7,10,3,1,4.8,12.92,6.92,47.8864,331.373888,9
"572",3164,1,26,8,6,10,0,1,4.3,8,2,4,8,0
"573",3164,1,26,8,6,10,1,0,5.2,10,4,16,64,1
"574",3192,1,26,7.08,14,13,0,0,2.1,7.08,1.08,1.1664,1.259712,0
"575",3192,1,26,7.08,14,13,1,3,4.1,9.08,3.08,9.4864,29.218112,1
"576",3192,1,26,7.08,14,13,2,2,4.9,11.08,5.08,25.8064,131.096512,4
"577",3192,1,26,7.08,14,13,3,5,5.8,13.08,7.08,50.1264,354.894912,9
"578",3223,1,26,6.08,11,12,0,0,1.8,6.08,0.0800000000000001,0.00640000000000001,0.000512000000000001,0
"579",3223,1,26,6.08,11,12,3,1,5.5,12.08,6.08,36.9664,224.755712,9
"580",3239,1,26,6.67,13,11,0,2,2.3,6.67,0.67,0.4489,0.300763,0
"581",3239,1,26,6.67,13,11,1,0,2.6,8.67,2.67,7.1289,19.034163,1
"582",3239,1,26,6.67,13,11,2,1,3.1,10.67,4.67,21.8089,101.847563,4
"583",3239,1,26,6.67,13,11,3,0,4,12.67,6.67,44.4889,296.740963,9
"584",3247,0,26,7,12,11,0,1,3.8,7,1,1,1,0
"585",3247,0,26,7,12,11,1,0,6,9,3,9,27,1
"586",3247,0,26,7,12,11,2,0,6,11,5,25,125,4
"587",3247,0,26,7,12,11,3,0,6.9,13,7,49,343,9
"588",3294,1,26,6.75,10,7,0,0,1.8,6.75,0.75,0.5625,0.421875,0
"589",3294,1,26,6.75,10,7,1,0,2.2,8.75,2.75,7.5625,20.796875,1
"590",3294,1,26,6.75,10,7,2,1,5.5,10.75,4.75,22.5625,107.171875,4
"591",3297,0,26,7.58,6,11,0,0,3.1,7.58,1.58,2.4964,3.944312,0
"592",3297,0,26,7.58,6,11,1,0,4.3,9.58,3.58,12.8164,45.882712,1
"593",3297,0,26,7.58,6,11,3,4,5.3,13.58,7.58,57.4564,435.519512,9
"594",3310,1,26,7.92,8,6,0,3,2.3,7.92,1.92,3.6864,7.077888,0
"595",3310,1,26,7.92,8,6,1,3,2.5,9.92,3.92,15.3664,60.236288,1
"596",3310,1,26,7.92,8,6,2,2,2.9,11.92,5.92,35.0464,207.474688,4
"597",3310,1,26,7.92,8,6,3,6,3.6,13.92,7.92,62.7264,496.793088,9
"598",3329,1,26,6,6,6,0,2,1.7,6,0,0,0,0
"599",3337,0,26,6.67,6,11,0,0,2.4,6.67,0.67,0.4489,0.300763,0
"600",3337,0,26,6.67,6,11,1,1,4.1,8.67,2.67,7.1289,19.034163,1
"601",3352,1,27,6.42,9,12,0,2,2.4,6.42,0.42,0.1764,0.074088,0
"602",3352,1,27,6.42,9,12,1,1,7.4,8.42,2.42,5.8564,14.172488,1
"603",3352,1,27,6.42,9,12,2,1,5.9,10.42,4.42,19.5364,86.350888,4
"604",3382,1,25,6.67,9,6,0,5,2.7,6.67,0.67,0.4489,0.300763,0
"605",3382,1,25,6.67,9,6,1,4,6,8.67,2.67,7.1289,19.034163,1
"606",3404,1,25,7.42,10,8,0,1,3.4,7.42,1.42,2.0164,2.863288,0
"607",3404,1,25,7.42,10,8,2,2,5.2,11.42,5.42,29.3764,159.220088,4
"608",3404,1,25,7.42,10,8,3,0,7.6,13.42,7.42,55.0564,408.518488,9
"609",3405,0,25,6,9,12,0,0,2,6,0,0,0,0
"610",3405,0,25,6,9,12,1,0,3.6,8,2,4,8,1
"611",3405,0,25,6,9,12,2,0,3.5,10,4,16,64,4
"612",3405,0,25,6,9,12,3,0,5.1,12,6,36,216,9
"613",3410,1,25,7.08,6,8,0,2,2,7.08,1.08,1.1664,1.259712,0
"614",3410,1,25,7.08,6,8,1,5,2.9,9.08,3.08,9.4864,29.218112,1
"615",3410,1,25,7.08,6,8,2,6,3.8,11.08,5.08,25.8064,131.096512,4
"616",3410,1,25,7.08,6,8,3,7,4.4,13.08,7.08,50.1264,354.894912,9
"617",3424,0,25,6.5,7,11,0,1,2.2,6.5,0.5,0.25,0.125,0
"618",3424,0,25,6.5,7,11,3,0,6.4,12.5,6.5,42.25,274.625,9
"619",3443,1,25,6.58,11,5,0,3,1.3,6.58,0.58,0.3364,0.195112,0
"620",3443,1,25,6.58,11,5,1,2,4.4,8.58,2.58,6.6564,17.173512,1
"621",3443,1,25,6.58,11,5,2,4,2.4,10.58,4.58,20.9764,96.071912,4
"622",3483,1,25,7.58,9,9,0,6,2.1,7.58,1.58,2.4964,3.944312,0
"623",3483,1,25,7.58,9,9,1,5,4.1,9.58,3.58,12.8164,45.882712,1
"624",3483,1,25,7.58,9,9,2,4,4.2,11.58,5.58,31.1364,173.741112,4
"625",3483,1,25,7.58,9,9,3,5,4.3,13.58,7.58,57.4564,435.519512,9
"626",3486,1,25,6.17,9,10,0,2,1.5,6.17,0.17,0.0289,0.00491299999999999,0
"627",3486,1,25,6.17,9,10,1,1,2.6,8.17,2.17,4.7089,10.218313,1
"628",3486,1,25,6.17,9,10,2,0,5.3,10.17,4.17,17.3889,72.511713,4
"629",3486,1,25,6.17,9,10,3,3,5.6,12.17,6.17,38.0689,234.885113,9
"630",3500,1,26,7.08,3,9,0,3,1.2,7.08,1.08,1.1664,1.259712,0
"631",3500,1,26,7.08,3,9,1,3,2,9.08,3.08,9.4864,29.218112,1
"632",3500,1,26,7.08,3,9,2,4,3.1,11.08,5.08,25.8064,131.096512,4
"633",3500,1,26,7.08,3,9,3,6,3.4,13.08,7.08,50.1264,354.894912,9
"634",3507,1,25,6.33,2,9,0,4,0.1,6.33,0.33,0.1089,0.035937,0
"635",3507,1,25,6.33,2,9,1,7,2.3,8.33,2.33,5.4289,12.649337,1
"636",3518,1,25,6.17,5,10,0,2,1.8,6.17,0.17,0.0289,0.00491299999999999,0
"637",3518,1,25,6.17,5,10,1,2,4.1,8.17,2.17,4.7089,10.218313,1
"638",3518,1,25,6.17,5,10,2,3,5,10.17,4.17,17.3889,72.511713,4
"639",3518,1,25,6.17,5,10,3,2,5.1,12.17,6.17,38.0689,234.885113,9
"640",3522,1,25,6.5,10,12,0,1,1.8,6.5,0.5,0.25,0.125,0
"641",3522,1,25,6.5,10,12,1,1,4.9,8.5,2.5,6.25,15.625,1
"642",3522,1,25,6.5,10,12,2,4,5.3,10.5,4.5,20.25,91.125,4
"643",3522,1,25,6.5,10,12,3,5,7.8,12.5,6.5,42.25,274.625,9
"644",3565,0,26,6,8,6,0,1,1.4,6,0,0,0,0
"645",3565,0,26,6,8,6,1,1,3.3,8,2,4,8,1
"646",3565,0,26,6,8,6,3,0,6,12,6,36,216,9
"647",3575,0,26,7.92,9,4,0,2,2.4,7.92,1.92,3.6864,7.077888,0
"648",3575,0,26,7.92,9,4,1,2,3.2,9.92,3.92,15.3664,60.236288,1
"649",3575,0,26,7.92,9,4,2,1,4.3,11.92,5.92,35.0464,207.474688,4
"650",3575,0,26,7.92,9,4,3,3,5.7,13.92,7.92,62.7264,496.793088,9
"651",3600,0,25,6.17,12,12,0,0,1.9,6.17,0.17,0.0289,0.00491299999999999,0
"652",3600,0,25,6.17,12,12,1,2,3.7,8.17,2.17,4.7089,10.218313,1
"653",3667,0,25,6.42,4,5,0,1,1.9,6.42,0.42,0.1764,0.074088,0
"654",3667,0,25,6.42,4,5,1,1,3.4,8.42,2.42,5.8564,14.172488,1
"655",3667,0,25,6.42,4,5,2,2,3.5,10.42,4.42,19.5364,86.350888,4
"656",3667,0,25,6.42,4,5,3,6,5,12.42,6.42,41.2164,264.609288,9
"657",3670,0,24,7.67,10,8,0,1,2.8,7.67,1.67,2.7889,4.657463,0
"658",3670,0,24,7.67,10,8,1,0,5,9.67,3.67,13.4689,49.430863,1
"659",3670,0,24,7.67,10,8,3,0,7.5,13.67,7.67,58.8289,451.217663,9
"660",3677,1,24,6.17,8,9,0,5,1.7,6.17,0.17,0.0289,0.00491299999999999,0
"661",3677,1,24,6.17,8,9,1,2,2.9,8.17,2.17,4.7089,10.218313,1
"662",3677,1,24,6.17,8,9,2,0,4.9,10.17,4.17,17.3889,72.511713,4
"663",3690,1,24,7,9,11,0,4,1.6,7,1,1,1,0
"664",3690,1,24,7,9,11,1,3,3.4,9,3,9,27,1
"665",3690,1,24,7,9,11,2,3,4.5,11,5,25,125,4
"666",3690,1,24,7,9,11,3,4,5.7,13,7,49,343,9
"667",3706,0,24,7.17,8,5,0,3,2.4,7.17,1.17,1.3689,1.601613,0
"668",3706,0,24,7.17,8,5,1,1,4.3,9.17,3.17,10.0489,31.855013,1
"669",3706,0,24,7.17,8,5,2,0,5.5,11.17,5.17,26.7289,138.188413,4
"670",3706,0,24,7.17,8,5,3,7,5.5,13.17,7.17,51.4089,368.601813,9
"671",3713,0,24,6.33,9,9,0,3,1.8,6.33,0.33,0.1089,0.035937,0
"672",3713,0,24,6.33,9,9,1,0,3.8,8.33,2.33,5.4289,12.649337,1
"673",3713,0,24,6.33,9,9,2,0,5.1,10.33,4.33,18.7489,81.182737,4
"674",3713,0,24,6.33,9,9,3,5,6.5,12.33,6.33,40.0689,253.636137,9
"675",3778,1,25,6.92,12,10,0,1,2,6.92,0.92,0.8464,0.778688,0
"676",3778,1,25,6.92,12,10,1,0,2.3,8.92,2.92,8.5264,24.897088,1
"677",3778,1,25,6.92,12,10,2,0,6.6,10.92,4.92,24.2064,119.095488,4
"678",3778,1,25,6.92,12,10,3,0,5.8,12.92,6.92,47.8864,331.373888,9
"679",3809,0,25,6.83,11,11,0,0,2,6.83,0.83,0.6889,0.571787,0
"680",3809,0,25,6.83,11,11,1,0,4,8.83,2.83,8.0089,22.665187,1
"681",3809,0,25,6.83,11,11,2,0,4.7,10.83,4.83,23.3289,112.678587,4
"682",3809,0,25,6.83,11,11,3,1,6,12.83,6.83,46.6489,318.611987,9
"683",3813,1,25,6.17,10,12,0,1,1.5,6.17,0.17,0.0289,0.00491299999999999,0
"684",3813,1,25,6.17,10,12,1,1,3.8,8.17,2.17,4.7089,10.218313,1
"685",3813,1,25,6.17,10,12,2,1,4.6,10.17,4.17,17.3889,72.511713,4
"686",3813,1,25,6.17,10,12,3,0,6.4,12.17,6.17,38.0689,234.885113,9
"687",3826,0,25,6.42,6,10,0,2,1.8,6.42,0.42,0.1764,0.074088,0
"688",3826,0,25,6.42,6,10,1,1,3.1,8.42,2.42,5.8564,14.172488,1
"689",3826,0,25,6.42,6,10,3,3,4.8,12.42,6.42,41.2164,264.609288,9
"690",3861,0,24,7.67,8,3,0,3,2.4,7.67,1.67,2.7889,4.657463,0
"691",3861,0,24,7.67,8,3,1,2,3.9,9.67,3.67,13.4689,49.430863,1
"692",3861,0,24,7.67,8,3,2,2,4.4,11.67,5.67,32.1489,182.284263,4
"693",3861,0,24,7.67,8,3,3,2,4.8,13.67,7.67,58.8289,451.217663,9
"694",3868,0,23,6.17,9,10,0,0,1.8,6.17,0.17,0.0289,0.00491299999999999,0
"695",3868,0,23,6.17,9,10,1,1,3.9,8.17,2.17,4.7089,10.218313,1
"696",3868,0,23,6.17,9,10,2,4,5.4,10.17,4.17,17.3889,72.511713,4
"697",3868,0,23,6.17,9,10,3,2,5.8,12.17,6.17,38.0689,234.885113,9
"698",3910,0,23,6.25,6,13,0,1,2,6.25,0.25,0.0625,0.015625,0
"699",3910,0,23,6.25,6,13,1,2,3.6,8.25,2.25,5.0625,11.390625,1
"700",3910,0,23,6.25,6,13,2,1,5.4,10.25,4.25,18.0625,76.765625,4
"701",3910,0,23,6.25,6,13,3,2,6.1,12.25,6.25,39.0625,244.140625,9
"702",3915,0,24,7.08,9,13,0,1,2.5,7.08,1.08,1.1664,1.259712,0
"703",3915,0,24,7.08,9,13,3,2,7.9,13.08,7.08,50.1264,354.894912,9
"704",3948,0,23,6,7,10,0,0,1.7,6,0,0,0,0
"705",3948,0,23,6,7,10,1,1,3.3,8,2,4,8,1
"706",3948,0,23,6,7,10,3,2,4.6,12,6,36,216,9
"707",3960,1,23,7.67,8,9,0,0,3.1,7.67,1.67,2.7889,4.657463,0
"708",3960,1,23,7.67,8,9,1,2,4.8,9.67,3.67,13.4689,49.430863,1
"709",3960,1,23,7.67,8,9,2,1,4.8,11.67,5.67,32.1489,182.284263,4
"710",3960,1,23,7.67,8,9,3,1,6.5,13.67,7.67,58.8289,451.217663,9
"711",3974,0,23,6.5,9,12,0,1,2.6,6.5,0.5,0.25,0.125,0
"712",3974,0,23,6.5,9,12,1,2,4,8.5,2.5,6.25,15.625,1
"713",3974,0,23,6.5,9,12,2,1,4.8,10.5,4.5,20.25,91.125,4
"714",3974,0,23,6.5,9,12,3,3,5.1,12.5,6.5,42.25,274.625,9
"715",3985,1,24,7.58,9,11,0,1,2.7,7.58,1.58,2.4964,3.944312,0
"716",3985,1,24,7.58,9,11,3,2,7,13.58,7.58,57.4564,435.519512,9
"717",4054,0,22,6.58,4,9,0,1,2.3,6.58,0.58,0.3364,0.195112,0
"718",4054,0,22,6.58,4,9,3,3,6,12.58,6.58,43.2964,284.890312,9
"719",4080,0,22,6.42,10,10,0,2,1.9,6.42,0.42,0.1764,0.074088,0
"720",4080,0,22,6.42,10,10,1,2,3.1,8.42,2.42,5.8564,14.172488,1
"721",4080,0,22,6.42,10,10,2,0,4.1,10.42,4.42,19.5364,86.350888,4
"722",4080,0,22,6.42,10,10,3,1,5.1,12.42,6.42,41.2164,264.609288,9
"723",4123,0,23,6.67,4,8,0,0,0.4,6.67,0.67,0.4489,0.300763,0
"724",4131,0,23,7.08,6,10,0,3,2.4,7.08,1.08,1.1664,1.259712,0
"725",4131,0,23,7.08,6,10,1,2,3.6,9.08,3.08,9.4864,29.218112,1
"726",4131,0,23,7.08,6,10,2,1,4.2,11.08,5.08,25.8064,131.096512,4
"727",4131,0,23,7.08,6,10,3,1,4.7,13.08,7.08,50.1264,354.894912,9
"728",4165,1,22,6.42,7,7,0,4,1.8,6.42,0.42,0.1764,0.074088,0
"729",4165,1,22,6.42,7,7,1,3,4.1,8.42,2.42,5.8564,14.172488,1
"730",4165,1,22,6.42,7,7,2,3,5.3,10.42,4.42,19.5364,86.350888,4
"731",4165,1,22,6.42,7,7,3,2,5.5,12.42,6.42,41.2164,264.609288,9
"732",4171,1,22,6.33,6,9,0,3,1.4,6.33,0.33,0.1089,0.035937,0
"733",4171,1,22,6.33,6,9,1,1,2.2,8.33,2.33,5.4289,12.649337,1
"734",4171,1,22,6.33,6,9,2,7,4,10.33,4.33,18.7489,81.182737,4
"735",4171,1,22,6.33,6,9,3,4,5.2,12.33,6.33,40.0689,253.636137,9
"736",4186,1,23,6.17,7,11,0,2,1.8,6.17,0.17,0.0289,0.00491299999999999,0
"737",4186,1,23,6.17,7,11,1,5,3.4,8.17,2.17,4.7089,10.218313,1
"738",4186,1,23,6.17,7,11,2,1,5.5,10.17,4.17,17.3889,72.511713,4
"739",4186,1,23,6.17,7,11,3,5,6.4,12.17,6.17,38.0689,234.885113,9
"740",4247,0,22,6,5,7,0,5,0.7,6,0,0,0,0
"741",4247,0,22,6,5,7,1,6,2.8,8,2,4,8,1
"742",4247,0,22,6,5,7,2,3,3.7,10,4,16,64,4
"743",4247,0,22,6,5,7,3,4,4.1,12,6,36,216,9
"744",4451,1,28,7.33,10,9,0,1,2.3,7.33,1.33,1.7689,2.352637,0
"745",4451,1,28,7.33,10,9,1,1,4.1,9.33,3.33,11.0889,36.926037,1
"746",4451,1,28,7.33,10,9,2,0,5.7,11.33,5.33,28.4089,151.419437,4
"747",4451,1,28,7.33,10,9,3,1,6.7,13.33,7.33,53.7289,393.832837,9
"748",4488,1,28,6.5,9,12,0,1,2.6,6.5,0.5,0.25,0.125,0
"749",4488,1,28,6.5,9,12,1,0,4.2,8.5,2.5,6.25,15.625,1
"750",4488,1,28,6.5,9,12,2,1,5.3,10.5,4.5,20.25,91.125,4
"751",4488,1,28,6.5,9,12,3,3,6.9,12.5,6.5,42.25,274.625,9
"752",4523,1,28,7.83,7,10,0,2,7.2,7.83,1.83,3.3489,6.128487,0
"753",4523,1,28,7.83,7,10,1,3,5.1,9.83,3.83,14.6689,56.181887,1
"754",4523,1,28,7.83,7,10,2,5,6.5,11.83,5.83,33.9889,198.155287,4
"755",4523,1,28,7.83,7,10,3,4,7.6,13.83,7.83,61.3089,480.048687,9
"756",4528,1,28,6.17,9,11,0,2,2.2,6.17,0.17,0.0289,0.00491299999999999,0
"757",4528,1,28,6.17,9,11,1,1,4.3,8.17,2.17,4.7089,10.218313,1
"758",4528,1,28,6.17,9,11,2,0,6,10.17,4.17,17.3889,72.511713,4
"759",4528,1,28,6.17,9,11,3,0,6.3,12.17,6.17,38.0689,234.885113,9
"760",4560,0,28,7,10,10,0,0,2.3,7,1,1,1,0
"761",4560,0,28,7,10,10,1,1,3.2,9,3,9,27,1
"762",4560,0,28,7,10,10,2,2,4.5,11,5,25,125,4
"763",4560,0,28,7,10,10,3,2,5.3,13,7,49,343,9
"764",4581,1,28,6,8,10,0,2,1.8,6,0,0,0,0
"765",4581,1,28,6,8,10,1,5,5,8,2,4,8,1
"766",4594,1,29,6.83,10,10,0,0,2.6,6.83,0.83,0.6889,0.571787,0
"767",4594,1,29,6.83,10,10,1,0,4.8,8.83,2.83,8.0089,22.665187,1
"768",4594,1,29,6.83,10,10,2,1,6.1,10.83,4.83,23.3289,112.678587,4
"769",4594,1,29,6.83,10,10,3,1,7.4,12.83,6.83,46.6489,318.611987,9
"770",4612,1,29,6,9,10,0,1,1.7,6,0,0,0,0
"771",4612,1,29,6,9,10,1,1,4.1,8,2,4,8,1
"772",4612,1,29,6,9,10,2,0,5.4,10,4,16,64,4
"773",4612,1,29,6,9,10,3,1,7.3,12,6,36,216,9
"774",4669,1,28,7.33,9,7,0,0,4.3,7.33,1.33,1.7689,2.352637,0
"775",4669,1,28,7.33,9,7,1,2,5.3,9.33,3.33,11.0889,36.926037,1
"776",4669,1,28,7.33,9,7,2,5,8.4,11.33,5.33,28.4089,151.419437,4
"777",4669,1,28,7.33,9,7,3,3,7.9,13.33,7.33,53.7289,393.832837,9
"778",4677,1,29,6,10,11,0,1,1.8,6,0,0,0,0
"779",4677,1,29,6,10,11,1,1,3.9,8,2,4,8,1
"780",4677,1,29,6,10,11,2,2,5.6,10,4,16,64,4
"781",4677,1,29,6,10,11,3,1,6.5,12,6,36,216,9
"782",4679,1,28,6,12,13,0,0,1.8,6,0,0,0,0
"783",4679,1,28,6,12,13,1,1,4.3,8,2,4,8,1
"784",4679,1,28,6,12,13,2,1,5.1,10,4,16,64,4
"785",4679,1,28,6,12,13,3,2,7.2,12,6,36,216,9
"786",4700,1,28,6.5,9,11,0,1,1.7,6.5,0.5,0.25,0.125,0
"787",4700,1,28,6.5,9,11,1,0,3.1,8.5,2.5,6.25,15.625,1
"788",4700,1,28,6.5,9,11,2,0,5.4,10.5,4.5,20.25,91.125,4
"789",4700,1,28,6.5,9,11,3,0,6.1,12.5,6.5,42.25,274.625,9
"790",4728,1,28,7.08,12,10,0,3,2.7,7.08,1.08,1.1664,1.259712,0
"791",4728,1,28,7.08,12,10,1,1,4.3,9.08,3.08,9.4864,29.218112,1
"792",4728,1,28,7.08,12,10,2,0,5.5,11.08,5.08,25.8064,131.096512,4
"793",4735,1,28,7.5,10,12,0,5,2.8,7.5,1.5,2.25,3.375,0
"794",4735,1,28,7.5,10,12,1,3,4.2,9.5,3.5,12.25,42.875,1
"795",4740,1,29,7.58,9,12,0,2,2.2,7.58,1.58,2.4964,3.944312,0
"796",4740,1,29,7.58,9,12,1,3,2.9,9.58,3.58,12.8164,45.882712,1
"797",4740,1,29,7.58,9,12,2,1,3.4,11.58,5.58,31.1364,173.741112,4
"798",4740,1,29,7.58,9,12,3,0,5.1,13.58,7.58,57.4564,435.519512,9
"799",4743,0,28,7,12,12,0,3,3,7,1,1,1,0
"800",4743,0,28,7,12,12,1,1,5.6,9,3,9,27,1
"801",4743,0,28,7,12,12,2,1,5.1,11,5,25,125,4
"802",4743,0,28,7,12,12,3,0,6.5,13,7,49,343,9
"803",4755,0,28,6.17,10,9,0,1,2,6.17,0.17,0.0289,0.00491299999999999,0
"804",4755,0,28,6.17,10,9,1,1,4.1,8.17,2.17,4.7089,10.218313,1
"805",4755,0,28,6.17,10,9,2,1,7,10.17,4.17,17.3889,72.511713,4
"806",4755,0,28,6.17,10,9,3,2,8,12.17,6.17,38.0689,234.885113,9
"807",4776,1,29,7.83,13,12,0,1,2.1,7.83,1.83,3.3489,6.128487,0
"808",4776,1,29,7.83,13,12,1,3,4.6,9.83,3.83,14.6689,56.181887,1
"809",4776,1,29,7.83,13,12,2,1,5.8,11.83,5.83,33.9889,198.155287,4
"810",4776,1,29,7.83,13,12,3,5,6.8,13.83,7.83,61.3089,480.048687,9
"811",4794,0,28,7,13,12,0,0,2.7,7,1,1,1,0
"812",4794,0,28,7,13,12,1,0,4.9,9,3,9,27,1
"813",4794,0,28,7,13,12,2,0,5.6,11,5,25,125,4
"814",4794,0,28,7,13,12,3,1,6.7,13,7,49,343,9
"815",4808,1,29,7.5,10,11,0,4,3.8,7.5,1.5,2.25,3.375,0
"816",4808,1,29,7.5,10,11,1,2,4.7,9.5,3.5,12.25,42.875,1
"817",4808,1,29,7.5,10,11,2,2,6.3,11.5,5.5,30.25,166.375,4
"818",4808,1,29,7.5,10,11,3,2,6.7,13.5,7.5,56.25,421.875,9
"819",4832,0,28,6.58,12,6,0,0,3.5,6.58,0.58,0.3364,0.195112,0
"820",4832,0,28,6.58,12,6,1,1,4,8.58,2.58,6.6564,17.173512,1
"821",4832,0,28,6.58,12,6,2,1,6.1,10.58,4.58,20.9764,96.071912,4
"822",4832,0,28,6.58,12,6,3,1,6.2,12.58,6.58,43.2964,284.890312,9
"823",4901,0,28,7.58,11,11,0,0,2.8,7.58,1.58,2.4964,3.944312,0
"824",4901,0,28,7.58,11,11,1,0,5,9.58,3.58,12.8164,45.882712,1
"825",4953,1,29,6.25,8,5,0,4,1.8,6.25,0.25,0.0625,0.015625,0
"826",4953,1,29,6.25,8,5,1,1,5,8.25,2.25,5.0625,11.390625,1
"827",4976,1,28,6.42,9,11,0,4,1.6,6.42,0.42,0.1764,0.074088,0
"828",4976,1,28,6.42,9,11,1,8,2.1,8.42,2.42,5.8564,14.172488,1
"829",5004,1,28,6.5,8,8,0,1,3.7,6.5,0.5,0.25,0.125,0
"830",5004,1,28,6.5,8,8,1,3,5.5,8.5,2.5,6.25,15.625,1
"831",5009,1,28,7.75,8,6,0,4,2,7.75,1.75,3.0625,5.359375,0
"832",5009,1,28,7.75,8,6,1,8,3.4,9.75,3.75,14.0625,52.734375,1
"833",5037,1,28,7.75,5,12,0,0,2.9,7.75,1.75,3.0625,5.359375,0
"834",5037,1,28,7.75,5,12,1,7,5.3,9.75,3.75,14.0625,52.734375,1
"835",5064,0,29,7.25,11,10,0,0,3.2,7.25,1.25,1.5625,1.953125,0
"836",5064,0,29,7.25,11,10,1,0,5,9.25,3.25,10.5625,34.328125,1
"837",5159,0,28,7.75,11,12,0,0,3.5,7.75,1.75,3.0625,5.359375,0
"838",5159,0,28,7.75,11,12,1,1,4.1,9.75,3.75,14.0625,52.734375,1
"839",5159,0,28,7.75,11,12,2,0,5.7,11.75,5.75,33.0625,190.109375,4
"840",5161,1,28,6.92,12,9,0,0,2.7,6.92,0.92,0.8464,0.778688,0
"841",5161,1,28,6.92,12,9,1,0,4,8.92,2.92,8.5264,24.897088,1
"842",5161,1,28,6.92,12,9,2,1,5.9,10.92,4.92,24.2064,119.095488,4
"843",5161,1,28,6.92,12,9,3,2,6.5,12.92,6.92,47.8864,331.373888,9
"844",5197,0,29,6.33,10,8,0,1,1.8,6.33,0.33,0.1089,0.035937,0
"845",5197,0,29,6.33,10,8,1,1,3.9,8.33,2.33,5.4289,12.649337,1
"846",5206,1,29,7.92,9,10,0,4,3.4,7.92,1.92,3.6864,7.077888,0
"847",5206,1,29,7.92,9,10,1,1,4.4,9.92,3.92,15.3664,60.236288,1
"848",5278,0,27,6.17,6,8,0,1,1.8,6.17,0.17,0.0289,0.00491299999999999,0
"849",5278,0,27,6.17,6,8,1,0,3.9,8.17,2.17,4.7089,10.218313,1
"850",5278,0,27,6.17,6,8,2,0,4.7,10.17,4.17,17.3889,72.511713,4
"851",5278,0,27,6.17,6,8,3,0,5.8,12.17,6.17,38.0689,234.885113,9
"852",5283,1,27,7.83,12,9,0,0,3.4,7.83,1.83,3.3489,6.128487,0
"853",5283,1,27,7.83,12,9,2,0,5.1,11.83,5.83,33.9889,198.155287,4
"854",5294,0,27,6.83,8,9,0,0,3.5,6.83,0.83,0.6889,0.571787,0
"855",5294,0,27,6.83,8,9,1,0,4.8,8.83,2.83,8.0089,22.665187,1
"856",5294,0,27,6.83,8,9,2,0,5.9,10.83,4.83,23.3289,112.678587,4
"857",5294,0,27,6.83,8,9,3,0,6.7,12.83,6.83,46.6489,318.611987,9
"858",5297,0,27,6.17,9,11,0,0,1.7,6.17,0.17,0.0289,0.00491299999999999,0
"859",5297,0,27,6.17,9,11,1,1,4.2,8.17,2.17,4.7089,10.218313,1
"860",5297,0,27,6.17,9,11,2,1,4.8,10.17,4.17,17.3889,72.511713,4
"861",5297,0,27,6.17,9,11,3,3,5.6,12.17,6.17,38.0689,234.885113,9
"862",5302,1,27,6.83,8,10,0,2,1.8,6.83,0.83,0.6889,0.571787,0
"863",5302,1,27,6.83,8,10,1,0,3.5,8.83,2.83,8.0089,22.665187,1
"864",5302,1,27,6.83,8,10,2,0,4.8,10.83,4.83,23.3289,112.678587,4
"865",5326,0,27,6.67,13,7,0,2,2.3,6.67,0.67,0.4489,0.300763,0
"866",5326,0,27,6.67,13,7,1,1,4.9,8.67,2.67,7.1289,19.034163,1
"867",5326,0,27,6.67,13,7,2,2,5.9,10.67,4.67,21.8089,101.847563,4
"868",5326,0,27,6.67,13,7,3,1,6,12.67,6.67,44.4889,296.740963,9
"869",5355,1,27,6.33,9,12,0,0,1.8,6.33,0.33,0.1089,0.035937,0
"870",5355,1,27,6.33,9,12,1,1,4.5,8.33,2.33,5.4289,12.649337,1
"871",5355,1,27,6.33,9,12,2,0,5.6,10.33,4.33,18.7489,81.182737,4
"872",5355,1,27,6.33,9,12,3,0,6.4,12.33,6.33,40.0689,253.636137,9
"873",5360,1,27,7.75,13,9,0,3,3.8,7.75,1.75,3.0625,5.359375,0
"874",5360,1,27,7.75,13,9,1,5,4.8,9.75,3.75,14.0625,52.734375,1
"875",5360,1,27,7.75,13,9,2,0,5.4,11.75,5.75,33.0625,190.109375,4
"876",5360,1,27,7.75,13,9,3,0,7.1,13.75,7.75,60.0625,465.484375,9
"877",5369,1,27,7.83,10,12,0,3,3.2,7.83,1.83,3.3489,6.128487,0
"878",5369,1,27,7.83,10,12,1,2,3.6,9.83,3.83,14.6689,56.181887,1
"879",5369,1,27,7.83,10,12,2,0,4.7,11.83,5.83,33.9889,198.155287,4
"880",5369,1,27,7.83,10,12,3,2,5.9,13.83,7.83,61.3089,480.048687,9
"881",5411,1,27,7.58,13,12,0,0,2.3,7.58,1.58,2.4964,3.944312,0
"882",5420,0,27,6.08,4,9,0,2,1.4,6.08,0.0800000000000001,0.00640000000000001,0.000512000000000001,0
"883",5420,0,27,6.08,4,9,1,4,3.6,8.08,2.08,4.3264,8.998912,1
"884",5420,0,27,6.08,4,9,2,4,5.2,10.08,4.08,16.6464,67.917312,4
"885",5420,0,27,6.08,4,9,3,4,6,12.08,6.08,36.9664,224.755712,9
"886",5427,0,27,7.67,9,7,0,1,2.8,7.67,1.67,2.7889,4.657463,0
"887",5438,0,28,6.75,9,11,0,1,3,6.75,0.75,0.5625,0.421875,0
"888",5438,0,28,6.75,9,11,1,1,4.1,8.75,2.75,7.5625,20.796875,1
"889",5438,0,28,6.75,9,11,2,3,5,10.75,4.75,22.5625,107.171875,4
"890",5438,0,28,6.75,9,11,3,5,5.5,12.75,6.75,45.5625,307.546875,9
"891",5442,0,27,7,9,10,0,0,3.2,7,1,1,1,0
"892",5442,0,27,7,9,10,1,0,5.2,9,3,9,27,1
"893",5442,0,27,7,9,10,3,0,7.9,13,7,49,343,9
"894",5444,0,27,7.33,10,11,0,0,4.3,7.33,1.33,1.7689,2.352637,0
"895",5444,0,27,7.33,10,11,1,1,5.6,9.33,3.33,11.0889,36.926037,1
"896",5444,0,27,7.33,10,11,2,0,5.5,11.33,5.33,28.4089,151.419437,4
"897",5444,0,27,7.33,10,11,3,1,5.8,13.33,7.33,53.7289,393.832837,9
"898",5542,1,27,6.83,11,11,0,3,1.8,6.83,0.83,0.6889,0.571787,0
"899",5542,1,27,6.83,11,11,1,6,2.5,8.83,2.83,8.0089,22.665187,1
"900",5542,1,27,6.83,11,11,2,7,3.6,10.83,4.83,23.3289,112.678587,4
"901",5542,1,27,6.83,11,11,3,9,4.7,12.83,6.83,46.6489,318.611987,9
"902",5572,0,27,7.58,12,12,0,2,4.4,7.58,1.58,2.4964,3.944312,0
"903",5572,0,27,7.58,12,12,1,1,5.4,9.58,3.58,12.8164,45.882712,1
"904",5572,0,27,7.58,12,12,2,1,5.8,11.58,5.58,31.1364,173.741112,4
"905",5572,0,27,7.58,12,12,3,2,6.3,13.58,7.58,57.4564,435.519512,9
"906",5576,1,27,6.67,13,8,0,2,1.7,6.67,0.67,0.4489,0.300763,0
"907",5576,1,27,6.67,13,8,1,6,4,8.67,2.67,7.1289,19.034163,1
"908",5576,1,27,6.67,13,8,2,6,4.9,10.67,4.67,21.8089,101.847563,4
"909",5576,1,27,6.67,13,8,3,6,5.2,12.67,6.67,44.4889,296.740963,9
"910",5595,1,27,6.75,12,10,0,0,2.4,6.75,0.75,0.5625,0.421875,0
"911",5595,1,27,6.75,12,10,1,0,5,8.75,2.75,7.5625,20.796875,1
"912",5595,1,27,6.75,12,10,2,1,5.7,10.75,4.75,22.5625,107.171875,4
"913",5595,1,27,6.75,12,10,3,1,6.9,12.75,6.75,45.5625,307.546875,9
"914",5632,0,28,6.17,11,12,0,1,2,6.17,0.17,0.0289,0.00491299999999999,0
"915",5632,0,28,6.17,11,12,1,0,5.3,8.17,2.17,4.7089,10.218313,1
"916",5632,0,28,6.17,11,12,2,0,4.7,10.17,4.17,17.3889,72.511713,4
"917",5641,1,28,6.83,10,12,0,3,2.9,6.83,0.83,0.6889,0.571787,0
"918",5641,1,28,6.83,10,12,1,1,4.8,8.83,2.83,8.0089,22.665187,1
"919",5643,0,28,6.83,6,10,0,1,2.1,6.83,0.83,0.6889,0.571787,0
"920",5674,1,28,6.42,8,10,0,3,1.8,6.42,0.42,0.1764,0.074088,0
"921",5674,1,28,6.42,8,10,1,5,2.5,8.42,2.42,5.8564,14.172488,1
"922",5718,0,27,7.08,10,11,0,0,2.5,7.08,1.08,1.1664,1.259712,0
"923",5718,0,27,7.08,10,11,1,0,4.9,9.08,3.08,9.4864,29.218112,1
"924",5720,0,27,6.67,10,11,0,1,2,6.67,0.67,0.4489,0.300763,0
"925",5720,0,27,6.67,10,11,1,0,3.1,8.67,2.67,7.1289,19.034163,1
"926",5734,0,27,6.58,10,11,0,0,2.1,6.58,0.58,0.3364,0.195112,0
"927",5734,0,27,6.58,10,11,1,2,3.5,8.58,2.58,6.6564,17.173512,1
"928",5774,0,28,7.67,9,10,0,0,5.1,7.67,1.67,2.7889,4.657463,0
"929",5774,0,28,7.67,9,10,1,3,6.2,9.67,3.67,13.4689,49.430863,1
"930",5776,0,27,7.75,10,7,0,6,2.4,7.75,1.75,3.0625,5.359375,0
"931",5776,0,27,7.75,10,7,1,7,3,9.75,3.75,14.0625,52.734375,1
"932",5825,0,27,7.58,8,13,0,1,2,7.58,1.58,2.4964,3.944312,0
"933",5825,0,27,7.58,8,13,1,0,4,9.58,3.58,12.8164,45.882712,1
"934",5847,0,27,8,10,12,0,1,4.6,8,2,4,8,0
"935",5847,0,27,8,10,12,1,2,5.1,10,4,16,64,1
"936",5878,0,27,6.42,14,12,0,0,1.7,6.42,0.42,0.1764,0.074088,0
"937",5878,0,27,6.42,14,12,2,0,5.8,10.42,4.42,19.5364,86.350888,4
"938",5878,0,27,6.42,14,12,3,0,7.2,12.42,6.42,41.2164,264.609288,9
"939",5962,0,27,6.33,9,11,0,1,2.8,6.33,0.33,0.1089,0.035937,0
"940",5962,0,27,6.33,9,11,1,1,4.4,8.33,2.33,5.4289,12.649337,1
"941",5962,0,27,6.33,9,11,2,1,5.1,10.33,4.33,18.7489,81.182737,4
"942",5962,0,27,6.33,9,11,3,0,6,12.33,6.33,40.0689,253.636137,9
"943",6035,1,26,6.33,8,8,0,2,2.3,6.33,0.33,0.1089,0.035937,0
"944",6035,1,26,6.33,8,8,1,3,4.9,8.33,2.33,5.4289,12.649337,1
"945",6035,1,26,6.33,8,8,3,1,7.7,12.33,6.33,40.0689,253.636137,9
"946",6058,1,26,6.08,9,10,0,2,1.8,6.08,0.0800000000000001,0.00640000000000001,0.000512000000000001,0
"947",6058,1,26,6.08,9,10,1,1,2.2,8.08,2.08,4.3264,8.998912,1
"948",6058,1,26,6.08,9,10,3,1,4,12.08,6.08,36.9664,224.755712,9
"949",6063,1,26,6.58,11,10,0,0,2,6.58,0.58,0.3364,0.195112,0
"950",6063,1,26,6.58,11,10,1,0,3.9,8.58,2.58,6.6564,17.173512,1
"951",6063,1,26,6.58,11,10,2,2,4.9,10.58,4.58,20.9764,96.071912,4
"952",6063,1,26,6.58,11,10,3,1,7.7,12.58,6.58,43.2964,284.890312,9
"953",6069,0,26,7.5,11,5,0,2,2.7,7.5,1.5,2.25,3.375,0
"954",6069,0,26,7.5,11,5,1,4,3.4,9.5,3.5,12.25,42.875,1
"955",6069,0,26,7.5,11,5,2,4,4,11.5,5.5,30.25,166.375,4
"956",6069,0,26,7.5,11,5,3,0,4.7,13.5,7.5,56.25,421.875,9
"957",6071,0,27,7.67,14,12,0,0,3.1,7.67,1.67,2.7889,4.657463,0
"958",6071,0,27,7.67,14,12,1,1,4.9,9.67,3.67,13.4689,49.430863,1
"959",6071,0,27,7.67,14,12,2,2,6.1,11.67,5.67,32.1489,182.284263,4
"960",6071,0,27,7.67,14,12,3,0,6.7,13.67,7.67,58.8289,451.217663,9
"961",6083,0,27,7.58,9,12,0,2,2.3,7.58,1.58,2.4964,3.944312,0
"962",6096,1,26,6,8,9,0,1,1.8,6,0,0,0,0
"963",6096,1,26,6,8,9,1,3,3.6,8,2,4,8,1
"964",6096,1,26,6,8,9,2,2,4.6,10,4,16,64,4
"965",6096,1,26,6,8,9,3,5,4.7,12,6,36,216,9
"966",6171,0,26,7.17,9,9,0,2,2.2,7.17,1.17,1.3689,1.601613,0
"967",6171,0,26,7.17,9,9,1,1,3.3,9.17,3.17,10.0489,31.855013,1
"968",6171,0,26,7.17,9,9,2,2,4,11.17,5.17,26.7289,138.188413,4
"969",6171,0,26,7.17,9,9,3,1,4.2,13.17,7.17,51.4089,368.601813,9
"970",6244,0,26,7.92,11,11,0,1,3.7,7.92,1.92,3.6864,7.077888,0
"971",6244,0,26,7.92,11,11,1,1,5,9.92,3.92,15.3664,60.236288,1
"972",6244,0,26,7.92,11,11,2,1,6.9,11.92,5.92,35.0464,207.474688,4
"973",6244,0,26,7.92,11,11,3,1,5.7,13.92,7.92,62.7264,496.793088,9
"974",6246,0,26,7.92,10,9,0,1,3.5,7.92,1.92,3.6864,7.077888,0
"975",6246,0,26,7.92,10,9,1,0,5.7,9.92,3.92,15.3664,60.236288,1
"976",6246,0,26,7.92,10,9,2,0,6.1,11.92,5.92,35.0464,207.474688,4
"977",6246,0,26,7.92,10,9,3,0,6.7,13.92,7.92,62.7264,496.793088,9
"978",6278,1,26,6.17,8,10,0,4,1.4,6.17,0.17,0.0289,0.00491299999999999,0
"979",6278,1,26,6.17,8,10,1,2,4.1,8.17,2.17,4.7089,10.218313,1
"980",6278,1,26,6.17,8,10,2,2,5.2,10.17,4.17,17.3889,72.511713,4
"981",6288,1,26,6.58,12,8,0,0,3.1,6.58,0.58,0.3364,0.195112,0
"982",6288,1,26,6.58,12,8,1,0,5.4,8.58,2.58,6.6564,17.173512,1
"983",6288,1,26,6.58,12,8,2,0,6.6,10.58,4.58,20.9764,96.071912,4
"984",6288,1,26,6.58,12,8,3,0,7.8,12.58,6.58,43.2964,284.890312,9
"985",6295,1,26,7,12,7,0,7,2.2,7,1,1,1,0
"986",6295,1,26,7,12,7,1,1,5.3,9,3,9,27,1
"987",6295,1,26,7,12,7,2,3,5.7,11,5,25,125,4
"988",6295,1,26,7,12,7,3,3,6.1,13,7,49,343,9
"989",6301,0,26,6.83,11,13,0,1,2.2,6.83,0.83,0.6889,0.571787,0
"990",6301,0,26,6.83,11,13,1,2,4.7,8.83,2.83,8.0089,22.665187,1
"991",6301,0,26,6.83,11,13,2,1,5.5,10.83,4.83,23.3289,112.678587,4
"992",6301,0,26,6.83,11,13,3,2,6.6,12.83,6.83,46.6489,318.611987,9
"993",6303,1,26,6.75,8,9,0,1,3.6,6.75,0.75,0.5625,0.421875,0
"994",6303,1,26,6.75,8,9,1,0,5.6,8.75,2.75,7.5625,20.796875,1
"995",6303,1,26,6.75,8,9,2,0,8.3,10.75,4.75,22.5625,107.171875,4
"996",6303,1,26,6.75,8,9,3,0,7.9,12.75,6.75,45.5625,307.546875,9
"997",6309,1,26,7.25,11,11,0,0,2.4,7.25,1.25,1.5625,1.953125,0
"998",6309,1,26,7.25,11,11,1,4,5.2,9.25,3.25,10.5625,34.328125,1
"999",6309,1,26,7.25,11,11,2,4,5.8,11.25,5.25,27.5625,144.703125,4
"1000",6309,1,26,7.25,11,11,3,2,7.9,13.25,7.25,52.5625,381.078125,9
"1001",6339,1,26,7.92,10,12,0,1,3.9,7.92,1.92,3.6864,7.077888,0
"1002",6339,1,26,7.92,10,12,2,4,5.7,11.92,5.92,35.0464,207.474688,4
"1003",6339,1,26,7.92,10,12,3,0,6.5,13.92,7.92,62.7264,496.793088,9
"1004",6349,0,27,7,6,11,0,1,2.5,7,1,1,1,0
"1005",6349,0,27,7,6,11,1,3,5.1,9,3,9,27,1
"1006",6349,0,27,7,6,11,2,2,5.7,11,5,25,125,4
"1007",6349,0,27,7,6,11,3,3,6.2,13,7,49,343,9
"1008",6368,1,26,7.08,9,7,0,2,3.4,7.08,1.08,1.1664,1.259712,0
"1009",6376,1,27,7.5,7,11,0,5,4.1,7.5,1.5,2.25,3.375,0
"1010",6376,1,27,7.5,7,11,1,5,5.6,9.5,3.5,12.25,42.875,1
"1011",6376,1,27,7.5,7,11,2,5,5.9,11.5,5.5,30.25,166.375,4
"1012",6379,1,26,7.67,8,8,0,2,2.4,7.67,1.67,2.7889,4.657463,0
"1013",6379,1,26,7.67,8,8,1,2,3,9.67,3.67,13.4689,49.430863,1
"1014",6379,1,26,7.67,8,8,2,7,4.1,11.67,5.67,32.1489,182.284263,4
"1015",6395,0,26,6.58,11,7,0,1,2.5,6.58,0.58,0.3364,0.195112,0
"1016",6395,0,26,6.58,11,7,1,3,3.9,8.58,2.58,6.6564,17.173512,1
"1017",6395,0,26,6.58,11,7,2,3,5.3,10.58,4.58,20.9764,96.071912,4
"1018",6395,0,26,6.58,11,7,3,3,5.1,12.58,6.58,43.2964,284.890312,9
"1019",6405,1,27,7.42,9,12,0,3,2.2,7.42,1.42,2.0164,2.863288,0
"1020",6410,0,26,6.25,6,11,0,0,2.2,6.25,0.25,0.0625,0.015625,0
"1021",6410,0,26,6.25,6,11,1,0,5,8.25,2.25,5.0625,11.390625,1
"1022",6410,0,26,6.25,6,11,2,0,6.1,10.25,4.25,18.0625,76.765625,4
"1023",6410,0,26,6.25,6,11,3,0,8.1,12.25,6.25,39.0625,244.140625,9
"1024",6411,1,26,7.17,8,9,0,1,2.1,7.17,1.17,1.3689,1.601613,0
"1025",6411,1,26,7.17,8,9,1,4,3.4,9.17,3.17,10.0489,31.855013,1
"1026",6411,1,26,7.17,8,9,2,2,4.3,11.17,5.17,26.7289,138.188413,4
"1027",6411,1,26,7.17,8,9,3,1,4.4,13.17,7.17,51.4089,368.601813,9
"1028",6414,0,26,7.08,12,10,0,0,2.6,7.08,1.08,1.1664,1.259712,0
"1029",6414,0,26,7.08,12,10,1,1,3.8,9.08,3.08,9.4864,29.218112,1
"1030",6414,0,26,7.08,12,10,2,0,5.8,11.08,5.08,25.8064,131.096512,4
"1031",6414,0,26,7.08,12,10,3,0,6.1,13.08,7.08,50.1264,354.894912,9
"1032",6422,0,26,6.17,5,9,0,0,1.7,6.17,0.17,0.0289,0.00491299999999999,0
"1033",6422,0,26,6.17,5,9,1,0,2.1,8.17,2.17,4.7089,10.218313,1
"1034",6422,0,26,6.17,5,9,2,0,2.4,10.17,4.17,17.3889,72.511713,4
"1035",6433,1,27,6.08,8,11,0,1,1.7,6.08,0.0800000000000001,0.00640000000000001,0.000512000000000001,0
"1036",6433,1,27,6.08,8,11,1,1,4.4,8.08,2.08,4.3264,8.998912,1
"1037",6433,1,27,6.08,8,11,2,0,4.9,10.08,4.08,16.6464,67.917312,4
"1038",6433,1,27,6.08,8,11,3,5,5.8,12.08,6.08,36.9664,224.755712,9
"1039",6445,0,26,7.5,14,11,0,2,4.6,7.5,1.5,2.25,3.375,0
"1040",6445,0,26,7.5,14,11,1,0,5.9,9.5,3.5,12.25,42.875,1
"1041",6456,0,26,6,13,12,0,0,1.8,6,0,0,0,0
"1042",6456,0,26,6,13,12,1,2,5.1,8,2,4,8,1
"1043",6469,0,26,6.08,9,8,0,3,1.7,6.08,0.0800000000000001,0.00640000000000001,0.000512000000000001,0
"1044",6469,0,26,6.08,9,8,1,0,2.5,8.08,2.08,4.3264,8.998912,1
"1045",6476,0,26,7.33,12,10,0,1,1.9,7.33,1.33,1.7689,2.352637,0
"1046",6476,0,26,7.33,12,10,1,1,3,9.33,3.33,11.0889,36.926037,1
"1047",6490,1,26,7.5,7,12,0,6,3.1,7.5,1.5,2.25,3.375,0
"1048",6490,1,26,7.5,7,12,1,7,5.1,9.5,3.5,12.25,42.875,1
"1049",6529,0,26,7.83,7,10,0,0,5.1,7.83,1.83,3.3489,6.128487,0
"1050",6529,0,26,7.83,7,10,1,0,5.3,9.83,3.83,14.6689,56.181887,1
"1051",6532,0,26,7,11,7,0,3,2.4,7,1,1,1,0
"1052",6532,0,26,7,11,7,1,0,4.2,9,3,9,27,1
"1053",6551,1,26,6.33,9,9,0,2,1.2,6.33,0.33,0.1089,0.035937,0
"1054",6551,1,26,6.33,9,9,1,5,4,8.33,2.33,5.4289,12.649337,1
"1055",6583,1,26,7.83,11,7,0,1,2.6,7.83,1.83,3.3489,6.128487,0
"1056",6583,1,26,7.83,11,7,1,1,3.4,9.83,3.83,14.6689,56.181887,1
"1057",6612,0,27,6.42,6,11,0,2,1.9,6.42,0.42,0.1764,0.074088,0
"1058",6612,0,27,6.42,6,11,1,2,3.7,8.42,2.42,5.8564,14.172488,1
"1059",6734,0,27,6.25,8,11,0,1,2.1,6.25,0.25,0.0625,0.015625,0
"1060",6734,0,27,6.25,8,11,1,2,4.7,8.25,2.25,5.0625,11.390625,1
"1061",6734,0,27,6.25,8,11,2,2,7,10.25,4.25,18.0625,76.765625,4
"1062",6734,0,27,6.25,8,11,3,4,8.2,12.25,6.25,39.0625,244.140625,9
"1063",6825,0,25,8,12,10,0,1,2.6,8,2,4,8,0
"1064",6825,0,25,8,12,10,1,1,4.4,10,4,16,64,1
"1065",6825,0,25,8,12,10,2,0,4.6,12,6,36,216,4
"1066",6825,0,25,8,12,10,3,0,5,14,8,64,512,9
"1067",6853,0,25,7.67,11,7,0,7,2.8,7.67,1.67,2.7889,4.657463,0
"1068",6853,0,25,7.67,11,7,1,6,2.8,9.67,3.67,13.4689,49.430863,1
"1069",6853,0,25,7.67,11,7,2,6,3.9,11.67,5.67,32.1489,182.284263,4
"1070",6853,0,25,7.67,11,7,3,5,4,13.67,7.67,58.8289,451.217663,9
"1071",6874,0,26,6.25,11,8,0,0,2.2,6.25,0.25,0.0625,0.015625,0
"1072",6874,0,26,6.25,11,8,1,2,4.2,8.25,2.25,5.0625,11.390625,1
"1073",6878,1,26,6.17,14,10,0,0,1.9,6.17,0.17,0.0289,0.00491299999999999,0
"1074",6878,1,26,6.17,14,10,1,3,4.8,8.17,2.17,4.7089,10.218313,1
"1075",6878,1,26,6.17,14,10,2,1,5.8,10.17,4.17,17.3889,72.511713,4
"1076",6878,1,26,6.17,14,10,3,0,7.4,12.17,6.17,38.0689,234.885113,9
"1077",6907,0,26,7.42,9,8,0,1,1.9,7.42,1.42,2.0164,2.863288,0
"1078",6907,0,26,7.42,9,8,1,3,2.6,9.42,3.42,11.6964,40.001688,1
"1079",6907,0,26,7.42,9,8,2,3,3.9,11.42,5.42,29.3764,159.220088,4
"1080",6919,0,26,6.5,7,10,0,1,2.5,6.5,0.5,0.25,0.125,0
"1081",6919,0,26,6.5,7,10,1,2,4.3,8.5,2.5,6.25,15.625,1
"1082",6919,0,26,6.5,7,10,2,2,6.5,10.5,4.5,20.25,91.125,4
"1083",6919,0,26,6.5,7,10,3,1,6,12.5,6.5,42.25,274.625,9
"1084",6932,1,25,7,6,12,0,0,3.3,7,1,1,1,0
"1085",6932,1,25,7,6,12,1,1,4.2,9,3,9,27,1
"1086",6932,1,25,7,6,12,2,1,4.4,11,5,25,125,4
"1087",6932,1,25,7,6,12,3,0,6.6,13,7,49,343,9
"1088",6975,1,25,6.25,10,10,0,3,1.8,6.25,0.25,0.0625,0.015625,0
"1089",6975,1,25,6.25,10,10,1,1,3.6,8.25,2.25,5.0625,11.390625,1
"1090",6997,1,25,8,6,4,0,5,3.6,8,2,4,8,0
"1091",6997,1,25,8,6,4,1,10,5.1,10,4,16,64,1
"1092",6997,1,25,8,6,4,2,8,5.6,12,6,36,216,4
"1093",7045,1,26,6.42,12,13,0,0,3.2,6.42,0.42,0.1764,0.074088,0
"1094",7045,1,26,6.42,12,13,1,1,5,8.42,2.42,5.8564,14.172488,1
"1095",7045,1,26,6.42,12,13,2,0,6.5,10.42,4.42,19.5364,86.350888,4
"1096",7045,1,26,6.42,12,13,3,1,7.2,12.42,6.42,41.2164,264.609288,9
"1097",7119,1,26,8,12,10,0,1,3.9,8,2,4,8,0
"1098",7185,1,25,6.08,6,11,0,2,1.8,6.08,0.0800000000000001,0.00640000000000001,0.000512000000000001,0
"1099",7185,1,25,6.08,6,11,1,1,2.6,8.08,2.08,4.3264,8.998912,1
"1100",7185,1,25,6.08,6,11,2,0,3.1,10.08,4.08,16.6464,67.917312,4
"1101",7185,1,25,6.08,6,11,3,2,4,12.08,6.08,36.9664,224.755712,9
"1102",7201,0,26,7.5,12,8,0,0,4.4,7.5,1.5,2.25,3.375,0
"1103",7201,0,26,7.5,12,8,1,2,5.7,9.5,3.5,12.25,42.875,1
"1104",7211,1,25,7.58,5,9,0,2,2.2,7.58,1.58,2.4964,3.944312,0
"1105",7211,1,25,7.58,5,9,1,4,3.4,9.58,3.58,12.8164,45.882712,1
"1106",7221,0,25,6.5,11,12,0,0,2.1,6.5,0.5,0.25,0.125,0
"1107",7221,0,25,6.5,11,12,1,1,3.8,8.5,2.5,6.25,15.625,1
"1108",7236,1,25,8,9,11,0,2,5.1,8,2,4,8,0
"1109",7236,1,25,8,9,11,1,1,6.6,10,4,16,64,1
"1110",7242,0,25,7.75,12,8,0,1,3.6,7.75,1.75,3.0625,5.359375,0
"1111",7244,1,25,7.75,10,10,0,1,3.5,7.75,1.75,3.0625,5.359375,0
"1112",7247,0,26,7.75,9,11,0,1,2.5,7.75,1.75,3.0625,5.359375,0
"1113",7247,0,26,7.75,9,11,1,1,3.8,9.75,3.75,14.0625,52.734375,1
"1114",7259,0,26,7.17,3,4,0,3,1.9,7.17,1.17,1.3689,1.601613,0
"1115",7266,1,25,6,10,11,0,0,1.7,6,0,0,0,0
"1116",7288,1,26,6.42,10,13,0,0,1.6,6.42,0.42,0.1764,0.074088,0
"1117",7288,1,26,6.42,10,13,1,3,2.5,8.42,2.42,5.8564,14.172488,1
"1118",7290,0,25,6.08,5,10,0,0,1.8,6.08,0.0800000000000001,0.00640000000000001,0.000512000000000001,0
"1119",7290,0,25,6.08,5,10,1,9,2.6,8.08,2.08,4.3264,8.998912,1
"1120",7295,0,26,7,10,6,0,3,3.1,7,1,1,1,0
"1121",7295,0,26,7,10,6,1,6,3.7,9,3,9,27,1
"1122",7297,1,25,7.5,9,8,0,1,4.7,7.5,1.5,2.25,3.375,0
"1123",7297,1,25,7.5,9,8,1,0,5.3,9.5,3.5,12.25,42.875,1
"1124",7307,1,25,6.5,12,11,0,1,3.3,6.5,0.5,0.25,0.125,0
"1125",7307,1,25,6.5,12,11,1,0,5.4,8.5,2.5,6.25,15.625,1
"1126",7311,0,25,7.75,11,12,0,0,4,7.75,1.75,3.0625,5.359375,0
"1127",7311,0,25,7.75,11,12,1,1,5.8,9.75,3.75,14.0625,52.734375,1
"1128",7315,1,25,7.5,7,10,0,2,1.9,7.5,1.5,2.25,3.375,0
"1129",7315,1,25,7.5,7,10,1,2,4.6,9.5,3.5,12.25,42.875,1
"1130",7325,0,25,6.25,8,9,0,0,1.7,6.25,0.25,0.0625,0.015625,0
"1131",7325,0,25,6.25,8,9,1,3,3.9,8.25,2.25,5.0625,11.390625,1
"1132",7380,0,25,6.75,11,11,0,0,2.2,6.75,0.75,0.5625,0.421875,0
"1133",7380,0,25,6.75,11,11,1,0,2.8,8.75,2.75,7.5625,20.796875,1
"1134",7380,0,25,6.75,11,11,2,2,3.4,10.75,4.75,22.5625,107.171875,4
"1135",7380,0,25,6.75,11,11,3,0,4.5,12.75,6.75,45.5625,307.546875,9
"1136",7388,1,25,7.83,8,12,0,2,1.8,7.83,1.83,3.3489,6.128487,0
"1137",7388,1,25,7.83,8,12,1,0,3.2,9.83,3.83,14.6689,56.181887,1
"1138",7388,1,25,7.83,8,12,3,0,6.5,13.83,7.83,61.3089,480.048687,9
"1139",7424,1,25,7.58,5,10,0,3,4.7,7.58,1.58,2.4964,3.944312,0
"1140",7424,1,25,7.58,5,10,1,3,6,9.58,3.58,12.8164,45.882712,1
"1141",7427,1,26,7.33,7,11,0,0,2.5,7.33,1.33,1.7689,2.352637,0
"1142",7427,1,26,7.33,7,11,1,0,3.7,9.33,3.33,11.0889,36.926037,1
"1143",7482,1,24,6.33,7,12,0,1,1.7,6.33,0.33,0.1089,0.035937,0
"1144",7482,1,24,6.33,7,12,1,0,4.8,8.33,2.33,5.4289,12.649337,1
"1145",7482,1,24,6.33,7,12,2,1,5.8,10.33,4.33,18.7489,81.182737,4
"1146",7482,1,24,6.33,7,12,3,0,6,12.33,6.33,40.0689,253.636137,9
"1147",7509,0,24,7.92,3,7,0,5,2.9,7.92,1.92,3.6864,7.077888,0
"1148",7509,0,24,7.92,3,7,2,2,3.5,11.92,5.92,35.0464,207.474688,4
"1149",7509,0,24,7.92,3,7,3,0,3.8,13.92,7.92,62.7264,496.793088,9
"1150",7572,1,24,6.83,12,11,0,1,1.9,6.83,0.83,0.6889,0.571787,0
"1151",7572,1,24,6.83,12,11,1,1,3.8,8.83,2.83,8.0089,22.665187,1
"1152",7572,1,24,6.83,12,11,2,0,5,10.83,4.83,23.3289,112.678587,4
"1153",7572,1,24,6.83,12,11,3,1,4.8,12.83,6.83,46.6489,318.611987,9
"1154",7576,0,24,7,11,9,0,2,2.8,7,1,1,1,0
"1155",7576,0,24,7,11,9,1,0,4.6,9,3,9,27,1
"1156",7576,0,24,7,11,9,3,4,4.9,13,7,49,343,9
"1157",7579,1,24,8,11,10,0,2,2.7,8,2,4,8,0
"1158",7579,1,24,8,11,10,1,2,4.1,10,4,16,64,1
"1159",7579,1,24,8,11,10,2,1,5.4,12,6,36,216,4
"1160",7579,1,24,8,11,10,3,0,5.7,14,8,64,512,9
"1161",7600,0,25,6.17,10,11,0,1,1.7,6.17,0.17,0.0289,0.00491299999999999,0
"1162",7600,0,25,6.17,10,11,1,2,3.9,8.17,2.17,4.7089,10.218313,1
"1163",7600,0,25,6.17,10,11,2,3,5,10.17,4.17,17.3889,72.511713,4
"1164",7643,0,25,7.92,10,7,0,0,2.8,7.92,1.92,3.6864,7.077888,0
"1165",7643,0,25,7.92,10,7,1,1,4.1,9.92,3.92,15.3664,60.236288,1
"1166",7673,1,25,6.33,5,8,0,2,1.8,6.33,0.33,0.1089,0.035937,0
"1167",7673,1,25,6.33,5,8,1,3,3.5,8.33,2.33,5.4289,12.649337,1
"1168",7673,1,25,6.33,5,8,2,3,4.3,10.33,4.33,18.7489,81.182737,4
"1169",7673,1,25,6.33,5,8,3,7,5.4,12.33,6.33,40.0689,253.636137,9
"1170",7716,0,24,6.17,11,9,0,0,0.9,6.17,0.17,0.0289,0.00491299999999999,0
"1171",7716,0,24,6.17,11,9,1,0,2.7,8.17,2.17,4.7089,10.218313,1
"1172",7725,0,25,6.75,10,11,0,1,2.5,6.75,0.75,0.5625,0.421875,0
"1173",7725,0,25,6.75,10,11,2,0,4.5,10.75,4.75,22.5625,107.171875,4
"1174",7725,0,25,6.75,10,11,3,2,6.1,12.75,6.75,45.5625,307.546875,9
"1175",7728,1,24,6.17,6,10,0,3,1.7,6.17,0.17,0.0289,0.00491299999999999,0
"1176",7728,1,24,6.17,6,10,1,5,3.7,8.17,2.17,4.7089,10.218313,1
"1177",7728,1,24,6.17,6,10,2,1,4.7,10.17,4.17,17.3889,72.511713,4
"1178",7728,1,24,6.17,6,10,3,4,7,12.17,6.17,38.0689,234.885113,9
"1179",7734,0,24,6.42,11,11,0,0,2.2,6.42,0.42,0.1764,0.074088,0
"1180",7734,0,24,6.42,11,11,1,0,5.1,8.42,2.42,5.8564,14.172488,1
"1181",7734,0,24,6.42,11,11,2,0,6,10.42,4.42,19.5364,86.350888,4
"1182",7734,0,24,6.42,11,11,3,0,7,12.42,6.42,41.2164,264.609288,9
"1183",7798,1,24,6.83,10,8,0,3,1.7,6.83,0.83,0.6889,0.571787,0
"1184",7798,1,24,6.83,10,8,1,4,1.6,8.83,2.83,8.0089,22.665187,1
"1185",7798,1,24,6.83,10,8,2,4,2.2,10.83,4.83,23.3289,112.678587,4
"1186",7798,1,24,6.83,10,8,3,1,2.5,12.83,6.83,46.6489,318.611987,9
"1187",7811,1,24,6.25,2,8,0,1,2.1,6.25,0.25,0.0625,0.015625,0
"1188",7811,1,24,6.25,2,8,1,4,3,8.25,2.25,5.0625,11.390625,1
"1189",7811,1,24,6.25,2,8,3,5,3.5,12.25,6.25,39.0625,244.140625,9
"1190",7855,0,24,6.33,7,11,0,2,1.7,6.33,0.33,0.1089,0.035937,0
"1191",7855,0,24,6.33,7,11,1,2,3.2,8.33,2.33,5.4289,12.649337,1
"1192",7855,0,24,6.33,7,11,2,0,3.9,10.33,4.33,18.7489,81.182737,4
"1193",7855,0,24,6.33,7,11,3,0,4.7,12.33,6.33,40.0689,253.636137,9
"1194",7869,0,24,6.58,11,8,0,0,1.8,6.58,0.58,0.3364,0.195112,0
"1195",7869,0,24,6.58,11,8,1,0,3.2,8.58,2.58,6.6564,17.173512,1
"1196",7869,0,24,6.58,11,8,2,0,5.3,10.58,4.58,20.9764,96.071912,4
"1197",7869,0,24,6.58,11,8,3,0,5.9,12.58,6.58,43.2964,284.890312,9
"1198",7873,1,24,7.92,12,10,0,0,4.5,7.92,1.92,3.6864,7.077888,0
"1199",7873,1,24,7.92,12,10,1,0,5.2,9.92,3.92,15.3664,60.236288,1
"1200",7873,1,24,7.92,12,10,2,0,6.1,11.92,5.92,35.0464,207.474688,4
"1201",7873,1,24,7.92,12,10,3,0,7.9,13.92,7.92,62.7264,496.793088,9
"1202",7875,1,24,6.5,10,10,0,0,2.1,6.5,0.5,0.25,0.125,0
"1203",7875,1,24,6.5,10,10,1,0,5.5,8.5,2.5,6.25,15.625,1
"1204",7875,1,24,6.5,10,10,2,0,6.8,10.5,4.5,20.25,91.125,4
"1205",7875,1,24,6.5,10,10,3,0,6.9,12.5,6.5,42.25,274.625,9
"1206",7891,0,24,6.42,4,1,0,5,1.8,6.42,0.42,0.1764,0.074088,0
"1207",7891,0,24,6.42,4,1,1,1,3.6,8.42,2.42,5.8564,14.172488,1
"1208",7904,1,24,7.67,8,8,0,0,3,7.67,1.67,2.7889,4.657463,0
"1209",7904,1,24,7.67,8,8,1,0,4.7,9.67,3.67,13.4689,49.430863,1
"1210",7905,0,24,7.58,9,10,0,3,2.6,7.58,1.58,2.4964,3.944312,0
"1211",7905,0,24,7.58,9,10,1,8,4.4,9.58,3.58,12.8164,45.882712,1
"1212",7919,1,25,6.42,12,10,0,0,1.8,6.42,0.42,0.1764,0.074088,0
"1213",7938,0,24,6.5,9,12,0,0,3.6,6.5,0.5,0.25,0.125,0
"1214",7938,0,24,6.5,9,12,1,2,5,8.5,2.5,6.25,15.625,1
"1215",7979,0,24,6.75,10,12,0,2,3,6.75,0.75,0.5625,0.421875,0
"1216",7986,1,25,6.92,12,11,0,2,1.7,6.92,0.92,0.8464,0.778688,0
"1217",7986,1,25,6.92,12,11,1,0,2.1,8.92,2.92,8.5264,24.897088,1
"1218",7986,1,25,6.92,12,11,2,0,2.4,10.92,4.92,24.2064,119.095488,4
"1219",7986,1,25,6.92,12,11,3,0,3.4,12.92,6.92,47.8864,331.373888,9
"1220",8006,1,24,6.08,6,7,0,0,1.3,6.08,0.0800000000000001,0.00640000000000001,0.000512000000000001,0
"1221",8006,1,24,6.08,6,7,1,2,2.6,8.08,2.08,4.3264,8.998912,1
"1222",8006,1,24,6.08,6,7,2,1,3.4,10.08,4.08,16.6464,67.917312,4
"1223",8006,1,24,6.08,6,7,3,0,4.2,12.08,6.08,36.9664,224.755712,9
"1224",8031,0,24,7.83,12,10,0,4,3.2,7.83,1.83,3.3489,6.128487,0
"1225",8031,0,24,7.83,12,10,1,6,4.9,9.83,3.83,14.6689,56.181887,1
"1226",8085,0,24,6.33,10,11,0,2,1.7,6.33,0.33,0.1089,0.035937,0
"1227",8085,0,24,6.33,10,11,1,2,3.7,8.33,2.33,5.4289,12.649337,1
"1228",8085,0,24,6.33,10,11,2,2,5,10.33,4.33,18.7489,81.182737,4
"1229",8085,0,24,6.33,10,11,3,2,6.5,12.33,6.33,40.0689,253.636137,9
"1230",8157,0,23,7.92,5,9,0,1,3.5,7.92,1.92,3.6864,7.077888,0
"1231",8157,0,23,7.92,5,9,1,0,4.7,9.92,3.92,15.3664,60.236288,1
"1232",8190,1,23,6.75,3,9,0,1,2.1,6.75,0.75,0.5625,0.421875,0
"1233",8190,1,23,6.75,3,9,1,3,4.7,8.75,2.75,7.5625,20.796875,1
"1234",8190,1,23,6.75,3,9,2,5,5.7,10.75,4.75,22.5625,107.171875,4
"1235",8190,1,23,6.75,3,9,3,8,5.2,12.75,6.75,45.5625,307.546875,9
"1236",8239,0,23,8,8,10,0,1,3.4,8,2,4,8,0
"1237",8239,0,23,8,8,10,1,0,4.6,10,4,16,64,1
"1238",8239,0,23,8,8,10,2,1,5.8,12,6,36,216,4
"1239",8239,0,23,8,8,10,3,0,6.4,14,8,64,512,9
"1240",8274,0,24,7.25,8,12,0,3,1.6,7.25,1.25,1.5625,1.953125,0
"1241",8274,0,24,7.25,8,12,1,2,5.2,9.25,3.25,10.5625,34.328125,1
"1242",8274,0,24,7.25,8,12,2,4,5.6,11.25,5.25,27.5625,144.703125,4
"1243",8274,0,24,7.25,8,12,3,3,6.6,13.25,7.25,52.5625,381.078125,9
"1244",8288,1,23,7.42,10,7,0,0,2.1,7.42,1.42,2.0164,2.863288,0
"1245",8288,1,23,7.42,10,7,1,0,2.4,9.42,3.42,11.6964,40.001688,1
"1246",8288,1,23,7.42,10,7,2,0,3.4,11.42,5.42,29.3764,159.220088,4
"1247",8288,1,23,7.42,10,7,3,2,3.9,13.42,7.42,55.0564,408.518488,9
"1248",8335,0,23,6.5,13,12,0,2,1.7,6.5,0.5,0.25,0.125,0
"1249",8361,1,23,7.83,9,8,0,0,5.1,7.83,1.83,3.3489,6.128487,0
"1250",8361,1,23,7.83,9,8,1,2,5.7,9.83,3.83,14.6689,56.181887,1
"1251",8361,1,23,7.83,9,8,2,2,6.3,11.83,5.83,33.9889,198.155287,4
"1252",8361,1,23,7.83,9,8,3,4,7.5,13.83,7.83,61.3089,480.048687,9
"1253",8393,1,23,7.17,11,9,0,0,2.6,7.17,1.17,1.3689,1.601613,0
"1254",8393,1,23,7.17,11,9,1,1,3.7,9.17,3.17,10.0489,31.855013,1
"1255",8393,1,23,7.17,11,9,2,0,4.6,11.17,5.17,26.7289,138.188413,4
"1256",8393,1,23,7.17,11,9,3,0,6.3,13.17,7.17,51.4089,368.601813,9
"1257",8423,0,23,7.08,8,8,0,3,2.3,7.08,1.08,1.1664,1.259712,0
"1258",8423,0,23,7.08,8,8,1,6,4.2,9.08,3.08,9.4864,29.218112,1
"1259",8448,0,23,6.5,9,7,0,2,2.2,6.5,0.5,0.25,0.125,0
"1260",8448,0,23,6.5,9,7,1,4,4,8.5,2.5,6.25,15.625,1
"1261",8459,1,24,6.92,10,10,0,5,2.2,6.92,0.92,0.8464,0.778688,0
"1262",8459,1,24,6.92,10,10,1,6,3.3,8.92,2.92,8.5264,24.897088,1
"1263",8475,0,23,6.17,13,10,0,0,1.9,6.17,0.17,0.0289,0.00491299999999999,0
"1264",8475,0,23,6.17,13,10,1,0,4.2,8.17,2.17,4.7089,10.218313,1
"1265",8480,1,23,7.25,9,11,0,2,2.8,7.25,1.25,1.5625,1.953125,0
"1266",8480,1,23,7.25,9,11,1,2,4.2,9.25,3.25,10.5625,34.328125,1
"1267",8521,0,23,7.67,5,9,0,3,4,7.67,1.67,2.7889,4.657463,0
"1268",8521,0,23,7.67,5,9,1,6,5.2,9.67,3.67,13.4689,49.430863,1
"1269",8521,0,23,7.67,5,9,2,3,5.7,11.67,5.67,32.1489,182.284263,4
"1270",8521,0,23,7.67,5,9,3,3,8,13.67,7.67,58.8289,451.217663,9
"1271",8577,0,22,6.5,5,5,0,3,2.1,6.5,0.5,0.25,0.125,0
"1272",8577,0,22,6.5,5,5,2,0,4.8,10.5,4.5,20.25,91.125,4
"1273",8580,0,23,6,1,4,0,0,1.3,6,0,0,0,0
"1274",8580,0,23,6,1,4,2,0,3.7,10,4,16,64,4
"1275",8627,1,22,6.08,9,8,0,4,1.6,6.08,0.0800000000000001,0.00640000000000001,0.000512000000000001,0
"1276",8627,1,22,6.08,9,8,1,2,2.5,8.08,2.08,4.3264,8.998912,1
"1277",8627,1,22,6.08,9,8,2,3,2.6,10.08,4.08,16.6464,67.917312,4
"1278",8627,1,22,6.08,9,8,3,1,3.7,12.08,6.08,36.9664,224.755712,9
"1279",8705,0,22,6.08,11,9,0,2,1.8,6.08,0.0800000000000001,0.00640000000000001,0.000512000000000001,0
"1280",8705,0,22,6.08,11,9,1,1,4.9,8.08,2.08,4.3264,8.998912,1
"1281",8705,0,22,6.08,11,9,2,4,5.9,10.08,4.08,16.6464,67.917312,4
"1282",8705,0,22,6.08,11,9,3,4,7,12.08,6.08,36.9664,224.755712,9
"1283",8807,1,22,6.42,10,12,0,0,1.8,6.42,0.42,0.1764,0.074088,0
"1284",8807,1,22,6.42,10,12,1,0,3.3,8.42,2.42,5.8564,14.172488,1
"1285",8807,1,22,6.42,10,12,2,1,4.4,10.42,4.42,19.5364,86.350888,4
"1286",8807,1,22,6.42,10,12,3,1,6.1,12.42,6.42,41.2164,264.609288,9
"1287",8870,0,23,6,4,10,0,2,1.7,6,0,0,0,0
"1288",8870,0,23,6,4,10,1,1,3.7,8,2,4,8,1
"1289",8870,0,23,6,4,10,2,0,5.5,10,4,16,64,4
"1290",8870,0,23,6,4,10,3,0,6.3,12,6,36,216,9
"1291",8915,1,23,7.42,6,7,0,2,3.7,7.42,1.42,2.0164,2.863288,0
"1292",8915,1,23,7.42,6,7,1,2,5.3,9.42,3.42,11.6964,40.001688,1
"1293",8958,0,22,7,10,8,0,0,2.4,7,1,1,1,0
"1294",8958,0,22,7,10,8,1,2,2.7,9,3,9,27,1
"1295",9232,0,22,7.17,10,11,0,4,4.3,7.17,1.17,1.3689,1.601613,0
"1296",9232,0,22,7.17,10,11,1,2,4.2,9.17,3.17,10.0489,31.855013,1
"1297",9286,1,21,6.42,5,9,0,3,1.8,6.42,0.42,0.1764,0.074088,0
"1298",9286,1,21,6.42,5,9,1,4,3.8,8.42,2.42,5.8564,14.172488,1
"1299",9317,1,21,6,11,9,0,4,1.8,6,0,0,0,0
"1300",9317,1,21,6,11,9,1,6,3.4,8,2,4,8,1
"1301",9319,1,21,6,7,8,0,2,0.9,6,0,0,0,0
"1302",9319,1,21,6,7,8,1,5,5.2,8,2,4,8,1
